ticket_id,arrival_ts,queue,priority,language,channel,customer_tier,is_vip,is_reopened,complexity,estimated_effort_min,first_response_sla_min,first_response_due_ts,resolution_sla_business_min,resolution_due_ts,required_skill_tags,ticket_subject
TKT-00001,2026-03-02 08:00:43,Integrations/API,P3,EN,portal,SMB,0,0,complex,72,240,2026-03-02 12:00:43,960,2026-03-04 08:01:00,integrations_api|api_specialist|integration_specialist,REST API pagination skips records after cursor handoff
TKT-00002,2026-03-02 08:05:44,Account Access,P2,EN,portal,SMB,0,0,standard,25,60,2026-03-02 09:05:44,480,2026-03-03 08:06:00,account_access,Account locked after repeated login attempts
TKT-00003,2026-03-02 08:13:43,Account Access,P2,EN,email,Enterprise,0,0,simple,12,60,2026-03-02 09:13:43,480,2026-03-03 08:14:00,account_access|enterprise_handling,Session expires immediately after successful login
TKT-00004,2026-03-02 08:20:05,Product Support,P3,EN,portal,Mid-Market,0,0,simple,22,240,2026-03-02 12:20:05,960,2026-03-04 08:21:00,product_support,Search results differ between UI and exported report
TKT-00005,2026-03-02 08:23:45,Product Support,P3,DE,portal,SMB,0,0,complex,77,240,2026-03-02 12:23:45,960,2026-03-04 08:24:00,product_support|de_language|product_specialist,Attachment preview fails for PDF uploaded from mobile app
TKT-00006,2026-03-02 08:26:51,Integrations/API,P2,EN,portal,SMB,0,0,standard,47,60,2026-03-02 09:26:51,480,2026-03-03 08:27:00,integrations_api|api_specialist,Webhook signature validation differs from documentation example
TKT-00007,2026-03-02 08:30:28,Product Support,P3,EN,email,SMB,0,0,simple,22,240,2026-03-02 12:30:28,960,2026-03-04 08:31:00,product_support,Notification rule sent duplicate emails to requester
TKT-00008,2026-03-02 08:34:42,Integrations/API,P3,DE,portal,Enterprise,0,1,complex,91,240,2026-03-02 12:34:42,960,2026-03-04 08:35:00,integrations_api|de_language|enterprise_handling|api_specialist|integration_specialist,SCIM deprovisioning request returns 403 for service account
TKT-00009,2026-03-02 08:37:57,Product Support,P2,EN,email,Enterprise,0,0,complex,92,60,2026-03-02 09:37:57,480,2026-03-03 08:38:00,product_support|enterprise_handling|product_specialist,Bulk update operation stalled for large ticket batch
TKT-00010,2026-03-02 08:38:01,Product Support,P4,EN,portal,SMB,0,0,simple,11,480,2026-03-03 08:39:00,2400,2026-03-09 08:39:00,product_support,Exported CSV misses custom fields in final report
TKT-00011,2026-03-02 08:38:51,Product Support,P4,EN,portal,SMB,0,0,standard,42,480,2026-03-03 08:39:00,2400,2026-03-09 08:39:00,product_support,Exported CSV misses custom fields in final report
TKT-00012,2026-03-02 08:43:32,Billing,P4,DE,portal,Enterprise,0,0,standard,34,480,2026-03-03 08:44:00,2400,2026-03-09 08:44:00,billing|de_language|enterprise_handling,Purchase order reference missing from latest invoice
TKT-00013,2026-03-02 08:46:34,Integrations/API,P3,EN,portal,Mid-Market,0,0,standard,47,240,2026-03-02 12:46:34,960,2026-03-04 08:47:00,integrations_api|api_specialist,SCIM deprovisioning request returns 403 for service account
TKT-00014,2026-03-02 08:50:55,Billing,P3,EN,email,SMB,0,0,standard,30,240,2026-03-02 12:50:55,960,2026-03-04 08:51:00,billing,Subscription cancellation not reflected in billing portal
TKT-00015,2026-03-02 08:56:12,Integrations/API,P3,EN,portal,SMB,0,0,complex,110,240,2026-03-02 12:56:12,960,2026-03-04 08:57:00,integrations_api|api_specialist|integration_specialist,API rate limit reached earlier than documented threshold
TKT-00016,2026-03-02 08:57:28,Product Support,P4,EN,portal,Mid-Market,0,0,standard,41,480,2026-03-03 08:58:00,2400,2026-03-09 08:58:00,product_support,Attachment preview fails for PDF uploaded from mobile app
TKT-00017,2026-03-02 09:04:07,Account Access,P2,EN,email,Enterprise,1,0,standard,28,60,2026-03-02 10:04:07,480,2026-03-03 09:05:00,account_access|enterprise_handling,MFA challenge not accepted for admin account
TKT-00018,2026-03-02 09:05:07,Integrations/API,P3,DE,email,SMB,0,0,complex,115,240,2026-03-02 13:05:07,960,2026-03-04 09:06:00,integrations_api|de_language|api_specialist|integration_specialist,CRM integration stopped syncing ticket comments overnight
TKT-00019,2026-03-02 09:06:42,Account Access,P3,EN,email,Enterprise,0,0,simple,6,240,2026-03-02 13:06:42,960,2026-03-04 09:07:00,account_access|enterprise_handling,Account locked after repeated login attempts
TKT-00020,2026-03-02 09:07:48,Account Access,P3,EN,portal,SMB,0,1,standard,22,240,2026-03-02 13:07:48,960,2026-03-04 09:08:00,account_access,SCIM-provisioned user missing expected product access
TKT-00021,2026-03-02 09:11:26,Product Support,P3,EN,portal,SMB,0,0,standard,40,240,2026-03-02 13:11:26,960,2026-03-04 09:12:00,product_support,Kanban board shows outdated ticket counts after refresh
TKT-00022,2026-03-02 09:13:02,Account Access,P4,EN,portal,SMB,0,1,complex,69,480,2026-03-03 09:14:00,2400,2026-03-09 09:14:00,account_access,SSO login loops back to sign-in page
TKT-00023,2026-03-02 09:20:06,Account Access,P4,DE,chat,SMB,0,0,simple,9,480,2026-03-03 09:21:00,2400,2026-03-09 09:21:00,account_access|de_language,Role change not reflected after access approval
TKT-00024,2026-03-02 09:21:21,Integrations/API,P2,DE,portal,SMB,0,0,complex,64,60,2026-03-02 10:21:21,480,2026-03-03 09:22:00,integrations_api|de_language|api_specialist|integration_specialist,REST API pagination skips records after cursor handoff
TKT-00025,2026-03-02 09:26:09,Billing,P3,EN,email,Mid-Market,0,1,standard,27,240,2026-03-02 13:26:09,960,2026-03-04 09:27:00,billing,Subscription cancellation not reflected in billing portal
TKT-00026,2026-03-02 09:26:33,Product Support,P3,EN,email,Mid-Market,0,0,standard,29,240,2026-03-02 13:26:33,960,2026-03-04 09:27:00,product_support,Workflow automation did not trigger after status update
TKT-00027,2026-03-02 09:28:33,Integrations/API,P3,EN,portal,SMB,0,0,standard,39,240,2026-03-02 13:28:33,960,2026-03-04 09:29:00,integrations_api|api_specialist,GraphQL endpoint times out on nested customer query
TKT-00028,2026-03-02 09:47:37,Product Support,P3,EN,portal,Mid-Market,0,0,complex,60,240,2026-03-02 13:47:37,960,2026-03-04 09:48:00,product_support|product_specialist,Search results differ between UI and exported report
TKT-00029,2026-03-02 09:48:38,Integrations/API,P3,DE,chat,SMB,0,0,standard,32,240,2026-03-02 13:48:38,960,2026-03-04 09:49:00,integrations_api|de_language|api_specialist,API rate limit reached earlier than documented threshold
TKT-00030,2026-03-02 09:50:14,Product Support,P4,EN,email,Mid-Market,0,0,standard,27,480,2026-03-03 09:51:00,2400,2026-03-09 09:51:00,product_support,Notification rule sent duplicate emails to requester
TKT-00031,2026-03-02 09:51:30,Account Access,P3,EN,portal,Mid-Market,0,0,standard,26,240,2026-03-02 13:51:30,960,2026-03-04 09:52:00,account_access,MFA challenge not accepted for admin account
TKT-00032,2026-03-02 09:58:34,Product Support,P3,EN,email,Enterprise,0,0,standard,39,240,2026-03-02 13:58:34,960,2026-03-04 09:59:00,product_support|enterprise_handling,Search results differ between UI and exported report
TKT-00033,2026-03-02 10:00:11,Product Support,P2,EN,portal,SMB,0,0,standard,44,60,2026-03-02 11:00:11,480,2026-03-03 10:01:00,product_support,Exported CSV misses custom fields in final report
TKT-00034,2026-03-02 10:03:05,Billing,P3,EN,chat,Mid-Market,0,0,standard,31,240,2026-03-02 14:03:05,960,2026-03-04 10:04:00,billing,Upgrade request created prorated amount mismatch
TKT-00035,2026-03-02 10:04:35,Integrations/API,P2,EN,chat,SMB,0,0,standard,39,60,2026-03-02 11:04:35,480,2026-03-03 10:05:00,integrations_api|api_specialist,GraphQL endpoint times out on nested customer query
TKT-00036,2026-03-02 10:06:49,Account Access,P2,EN,email,Enterprise,0,0,simple,13,60,2026-03-02 11:06:49,480,2026-03-03 10:07:00,account_access|enterprise_handling,MFA challenge not accepted for admin account
TKT-00037,2026-03-02 10:08:31,Product Support,P3,EN,email,SMB,0,0,simple,19,240,2026-03-02 14:08:31,960,2026-03-04 10:09:00,product_support,Bulk update operation stalled for large ticket batch
TKT-00038,2026-03-02 10:10:56,Account Access,P3,DE,portal,SMB,0,0,simple,5,240,2026-03-02 14:10:56,960,2026-03-04 10:11:00,account_access|de_language,New team member did not receive activation email
TKT-00039,2026-03-02 10:12:12,Integrations/API,P3,EN,portal,SMB,0,0,simple,15,240,2026-03-02 14:12:12,960,2026-03-04 10:13:00,integrations_api|api_specialist,GraphQL endpoint times out on nested customer query
TKT-00040,2026-03-02 10:13:01,Product Support,P3,EN,portal,SMB,0,1,standard,27,240,2026-03-02 14:13:01,960,2026-03-04 10:14:00,product_support,Attachment preview fails for PDF uploaded from mobile app
TKT-00041,2026-03-02 10:15:34,Product Support,P3,EN,email,SMB,0,0,standard,41,240,2026-03-02 14:15:34,960,2026-03-04 10:16:00,product_support,Search results differ between UI and exported report
TKT-00042,2026-03-02 10:17:49,Product Support,P3,DE,portal,SMB,0,0,standard,39,240,2026-03-02 14:17:49,960,2026-03-04 10:18:00,product_support|de_language,Workflow automation did not trigger after status update
TKT-00043,2026-03-02 10:29:52,Integrations/API,P3,EN,portal,SMB,0,0,complex,84,240,2026-03-02 14:29:52,960,2026-03-04 10:30:00,integrations_api|api_specialist|integration_specialist,ERP connector creates duplicate records on retry
TKT-00044,2026-03-02 10:31:43,Product Support,P4,EN,email,SMB,0,0,standard,42,480,2026-03-03 10:32:00,2400,2026-03-09 10:32:00,product_support,Bulk update operation stalled for large ticket batch
TKT-00045,2026-03-02 10:32:42,Product Support,P3,DE,portal,Mid-Market,0,0,standard,35,240,2026-03-02 14:32:42,960,2026-03-04 10:33:00,product_support|de_language,Search results differ between UI and exported report
TKT-00046,2026-03-02 10:36:28,Billing,P2,EN,chat,SMB,0,0,simple,12,60,2026-03-02 11:36:28,480,2026-03-03 10:37:00,billing,Payment method update failed during renewal
TKT-00047,2026-03-02 10:40:49,Product Support,P3,EN,email,SMB,0,0,standard,38,240,2026-03-02 14:40:49,960,2026-03-04 10:41:00,product_support,Dashboard filter not persisting for saved view
TKT-00048,2026-03-02 10:41:38,Integrations/API,P3,EN,portal,Mid-Market,0,0,standard,33,240,2026-03-02 14:41:38,960,2026-03-04 10:42:00,integrations_api|api_specialist,GraphQL endpoint times out on nested customer query
TKT-00049,2026-03-02 10:46:55,Integrations/API,P4,EN,email,Mid-Market,0,0,complex,112,480,2026-03-03 10:47:00,2400,2026-03-09 10:47:00,integrations_api|api_specialist|integration_specialist,ERP connector creates duplicate records on retry
TKT-00050,2026-03-02 10:48:02,Product Support,P2,EN,portal,Enterprise,0,0,complex,72,60,2026-03-02 11:48:02,480,2026-03-03 10:49:00,product_support|enterprise_handling|product_specialist,Webhook retry settings not visible in admin interface
TKT-00051,2026-03-02 10:49:30,Billing,P4,EN,portal,Mid-Market,0,1,complex,45,480,2026-03-03 10:50:00,2400,2026-03-09 10:50:00,billing,Billing contact did not receive monthly invoice email
TKT-00052,2026-03-02 10:50:03,Account Access,P4,EN,portal,SMB,0,0,standard,17,480,2026-03-03 10:51:00,2400,2026-03-09 10:51:00,account_access,User cannot access workspace after password reset
TKT-00053,2026-03-02 10:50:30,Account Access,P3,EN,portal,SMB,0,0,standard,28,240,2026-03-02 14:50:30,960,2026-03-04 10:51:00,account_access,New team member did not receive activation email
TKT-00054,2026-03-02 10:53:48,Account Access,P3,EN,portal,SMB,0,0,standard,24,240,2026-03-02 14:53:48,960,2026-03-04 10:54:00,account_access,User cannot access workspace after password reset
TKT-00055,2026-03-02 10:55:29,Account Access,P4,DE,portal,SMB,0,0,standard,24,480,2026-03-03 10:56:00,2400,2026-03-09 10:56:00,account_access|de_language,Session expires immediately after successful login
TKT-00056,2026-03-02 10:58:09,Account Access,P3,EN,portal,SMB,0,0,standard,26,240,2026-03-02 14:58:09,960,2026-03-04 10:59:00,account_access,MFA challenge not accepted for admin account
TKT-00057,2026-03-02 11:04:20,Billing,P3,EN,portal,SMB,0,1,standard,30,240,2026-03-02 15:04:20,960,2026-03-04 11:05:00,billing,Credit note not applied to outstanding balance
TKT-00058,2026-03-02 11:06:12,Billing,P3,EN,chat,SMB,0,0,standard,29,240,2026-03-02 15:06:12,960,2026-03-04 11:07:00,billing,Upgrade request created prorated amount mismatch
TKT-00059,2026-03-02 11:08:13,Product Support,P4,EN,portal,SMB,0,1,complex,64,480,2026-03-03 11:09:00,2400,2026-03-09 11:09:00,product_support|product_specialist,Webhook retry settings not visible in admin interface
TKT-00060,2026-03-02 11:08:43,Product Support,P4,EN,email,Mid-Market,0,0,standard,45,480,2026-03-03 11:09:00,2400,2026-03-09 11:09:00,product_support,Exported CSV misses custom fields in final report
TKT-00061,2026-03-02 11:08:57,Account Access,P4,EN,portal,Mid-Market,0,0,simple,12,480,2026-03-03 11:09:00,2400,2026-03-09 11:09:00,account_access,Account locked after repeated login attempts
TKT-00062,2026-03-02 11:11:12,Product Support,P3,EN,portal,Enterprise,0,0,complex,90,240,2026-03-02 15:11:12,960,2026-03-04 11:12:00,product_support|enterprise_handling|product_specialist,Webhook retry settings not visible in admin interface
TKT-00063,2026-03-02 11:11:52,Account Access,P2,EN,portal,SMB,0,0,standard,25,60,2026-03-02 12:11:52,480,2026-03-03 11:12:00,account_access,Account locked after repeated login attempts
TKT-00064,2026-03-02 11:13:23,Product Support,P4,EN,email,SMB,0,0,standard,41,480,2026-03-03 11:14:00,2400,2026-03-09 11:14:00,product_support,Notification rule sent duplicate emails to requester
TKT-00065,2026-03-02 11:14:48,Product Support,P3,EN,email,Enterprise,0,0,standard,40,240,2026-03-02 15:14:48,960,2026-03-04 11:15:00,product_support|enterprise_handling,Custom field values not visible in agent workspace
TKT-00066,2026-03-02 11:16:49,Account Access,P3,EN,portal,Enterprise,0,0,simple,8,240,2026-03-02 15:16:49,960,2026-03-04 11:17:00,account_access|enterprise_handling,Account locked after repeated login attempts
TKT-00067,2026-03-02 11:17:29,Integrations/API,P3,EN,email,SMB,0,0,complex,103,240,2026-03-02 15:17:29,960,2026-03-04 11:18:00,integrations_api|api_specialist|integration_specialist,ERP connector creates duplicate records on retry
TKT-00068,2026-03-02 11:21:09,Account Access,P3,EN,portal,SMB,0,0,simple,7,240,2026-03-02 15:21:09,960,2026-03-04 11:22:00,account_access,Session expires immediately after successful login
TKT-00069,2026-03-02 11:23:13,Account Access,P3,EN,chat,SMB,0,0,simple,6,240,2026-03-02 15:23:13,960,2026-03-04 11:24:00,account_access,New team member did not receive activation email
TKT-00070,2026-03-02 11:24:56,Product Support,P4,EN,portal,SMB,0,0,complex,83,480,2026-03-03 11:25:00,2400,2026-03-09 11:25:00,product_support|product_specialist,Workflow automation did not trigger after status update
TKT-00071,2026-03-02 11:25:37,Product Support,P2,EN,portal,SMB,0,0,complex,85,60,2026-03-02 12:25:37,480,2026-03-03 11:26:00,product_support|product_specialist,Bulk update operation stalled for large ticket batch
TKT-00072,2026-03-02 11:26:15,Account Access,P4,EN,portal,Enterprise,1,0,standard,16,480,2026-03-03 11:27:00,2400,2026-03-09 11:27:00,account_access|enterprise_handling,Session expires immediately after successful login
TKT-00073,2026-03-02 11:27:03,Integrations/API,P3,EN,email,SMB,0,0,complex,117,240,2026-03-02 15:27:03,960,2026-03-04 11:28:00,integrations_api|api_specialist|integration_specialist,API rate limit reached earlier than documented threshold
TKT-00074,2026-03-02 11:31:06,Product Support,P3,EN,portal,Mid-Market,0,0,standard,39,240,2026-03-02 15:31:06,960,2026-03-04 11:32:00,product_support,Bulk update operation stalled for large ticket batch
TKT-00075,2026-03-02 11:34:02,Product Support,P3,EN,email,SMB,0,0,complex,78,240,2026-03-02 15:34:02,960,2026-03-04 11:35:00,product_support|product_specialist,Attachment preview fails for PDF uploaded from mobile app
TKT-00076,2026-03-02 11:37:14,Product Support,P2,DE,portal,SMB,0,0,standard,35,60,2026-03-02 12:37:14,480,2026-03-03 11:38:00,product_support|de_language,Dashboard filter not persisting for saved view
TKT-00077,2026-03-02 11:37:48,Product Support,P4,DE,email,SMB,0,0,standard,30,480,2026-03-03 11:38:00,2400,2026-03-09 11:38:00,product_support|de_language,Search results differ between UI and exported report
TKT-00078,2026-03-02 11:38:45,Product Support,P4,EN,email,SMB,0,0,complex,51,480,2026-03-03 11:39:00,2400,2026-03-09 11:39:00,product_support|product_specialist,Notification rule sent duplicate emails to requester
TKT-00079,2026-03-02 11:40:27,Account Access,P4,EN,portal,Enterprise,0,1,complex,56,480,2026-03-03 11:41:00,2400,2026-03-09 11:41:00,account_access|enterprise_handling,SSO login loops back to sign-in page
TKT-00080,2026-03-02 11:40:30,Account Access,P4,EN,email,Mid-Market,0,0,simple,5,480,2026-03-03 11:41:00,2400,2026-03-09 11:41:00,account_access,MFA challenge not accepted for admin account
TKT-00081,2026-03-02 11:43:35,Account Access,P4,EN,portal,Enterprise,0,0,simple,6,480,2026-03-03 11:44:00,2400,2026-03-09 11:44:00,account_access|enterprise_handling,User cannot access workspace after password reset
TKT-00082,2026-03-02 11:43:38,Account Access,P3,EN,email,SMB,0,0,standard,22,240,2026-03-02 15:43:38,960,2026-03-04 11:44:00,account_access,SSO login loops back to sign-in page
TKT-00083,2026-03-02 11:45:52,Billing,P4,EN,portal,Mid-Market,0,0,standard,29,480,2026-03-03 11:46:00,2400,2026-03-09 11:46:00,billing,Upgrade request created prorated amount mismatch
TKT-00084,2026-03-02 11:49:35,Integrations/API,P4,EN,email,SMB,0,1,standard,42,480,2026-03-03 11:50:00,2400,2026-03-09 11:50:00,integrations_api|api_specialist,GraphQL endpoint times out on nested customer query
TKT-00085,2026-03-02 11:52:15,Billing,P4,EN,email,SMB,0,0,standard,28,480,2026-03-03 11:53:00,2400,2026-03-09 11:53:00,billing,Payment method update failed during renewal
TKT-00086,2026-03-02 11:52:44,Account Access,P3,EN,email,SMB,0,0,standard,20,240,2026-03-02 15:52:44,960,2026-03-04 11:53:00,account_access,SSO login loops back to sign-in page
TKT-00087,2026-03-02 11:55:22,Account Access,P2,DE,portal,SMB,0,1,simple,9,60,2026-03-02 12:55:22,480,2026-03-03 11:56:00,account_access|de_language,SCIM-provisioned user missing expected product access
TKT-00088,2026-03-02 11:57:40,Billing,P3,DE,portal,SMB,0,0,complex,43,240,2026-03-02 15:57:40,960,2026-03-04 11:58:00,billing|de_language,Tax calculation differs from contract expectations
TKT-00089,2026-03-02 12:01:02,Billing,P4,DE,portal,SMB,0,0,simple,8,480,2026-03-03 12:02:00,2400,2026-03-09 12:02:00,billing|de_language,Seat reduction request still billed at previous volume
TKT-00090,2026-03-02 12:07:26,Product Support,P3,EN,email,SMB,0,0,standard,30,240,2026-03-03 08:08:00,960,2026-03-04 12:08:00,product_support,Custom field values not visible in agent workspace
TKT-00091,2026-03-02 12:12:45,Billing,P4,EN,portal,SMB,0,0,simple,13,480,2026-03-03 12:13:00,2400,2026-03-09 12:13:00,billing,Tax calculation differs from contract expectations
TKT-00092,2026-03-02 12:16:09,Product Support,P3,EN,chat,Mid-Market,0,0,complex,53,240,2026-03-03 08:17:00,960,2026-03-04 12:17:00,product_support|product_specialist,Workflow automation did not trigger after status update
TKT-00093,2026-03-02 12:16:48,Product Support,P1,EN,portal,Mid-Market,0,0,complex,107,15,2026-03-02 12:31:48,240,2026-03-03 08:17:00,product_support|incident_escalation|product_specialist,Attachment preview fails for PDF uploaded from mobile app
TKT-00094,2026-03-02 12:18:18,Account Access,P3,EN,email,SMB,0,0,standard,29,240,2026-03-03 08:19:00,960,2026-03-04 12:19:00,account_access,Session expires immediately after successful login
TKT-00095,2026-03-02 12:24:03,Billing,P4,DE,email,Mid-Market,0,0,simple,7,480,2026-03-03 12:25:00,2400,2026-03-09 12:25:00,billing|de_language,Invoice shows duplicate line items after plan change
TKT-00096,2026-03-02 12:27:09,Product Support,P3,EN,portal,Mid-Market,0,0,standard,44,240,2026-03-03 08:28:00,960,2026-03-04 12:28:00,product_support,Search results differ between UI and exported report
TKT-00097,2026-03-02 12:37:50,Product Support,P2,DE,portal,SMB,0,1,complex,58,60,2026-03-02 13:37:50,480,2026-03-03 12:38:00,product_support|de_language|product_specialist,Webhook retry settings not visible in admin interface
TKT-00098,2026-03-02 12:39:44,Product Support,P2,EN,email,SMB,0,0,complex,99,60,2026-03-02 13:39:44,480,2026-03-03 12:40:00,product_support|product_specialist,Exported CSV misses custom fields in final report
TKT-00099,2026-03-02 12:42:01,Product Support,P4,EN,portal,SMB,0,0,simple,18,480,2026-03-03 12:43:00,2400,2026-03-09 12:43:00,product_support,Kanban board shows outdated ticket counts after refresh
TKT-00100,2026-03-02 12:42:26,Billing,P3,DE,email,Mid-Market,0,0,complex,70,240,2026-03-03 08:43:00,960,2026-03-04 12:43:00,billing|de_language,Billing contact did not receive monthly invoice email
TKT-00101,2026-03-02 12:52:12,Product Support,P2,EN,email,SMB,0,0,standard,43,60,2026-03-02 13:52:12,480,2026-03-03 12:53:00,product_support,Webhook retry settings not visible in admin interface
TKT-00102,2026-03-02 12:55:14,Account Access,P2,DE,email,Mid-Market,0,0,standard,17,60,2026-03-02 13:55:14,480,2026-03-03 12:56:00,account_access|de_language,MFA challenge not accepted for admin account
TKT-00103,2026-03-02 12:57:15,Product Support,P3,EN,portal,Enterprise,0,0,standard,27,240,2026-03-03 08:58:00,960,2026-03-04 12:58:00,product_support|enterprise_handling,Search results differ between UI and exported report
TKT-00104,2026-03-02 13:06:29,Account Access,P2,DE,portal,Mid-Market,0,0,standard,20,60,2026-03-02 14:06:29,480,2026-03-03 13:07:00,account_access|de_language,SSO login loops back to sign-in page
TKT-00105,2026-03-02 13:09:32,Product Support,P1,EN,email,Enterprise,0,0,simple,23,15,2026-03-02 13:24:32,240,2026-03-03 09:10:00,product_support|enterprise_handling|incident_escalation,Kanban board shows outdated ticket counts after refresh
TKT-00106,2026-03-02 13:10:09,Billing,P4,EN,email,Mid-Market,0,1,standard,27,480,2026-03-03 13:11:00,2400,2026-03-09 13:11:00,billing,Seat reduction request still billed at previous volume
TKT-00107,2026-03-02 13:20:09,Billing,P3,DE,portal,SMB,0,0,standard,32,240,2026-03-03 09:21:00,960,2026-03-04 13:21:00,billing|de_language,Subscription cancellation not reflected in billing portal
TKT-00108,2026-03-02 13:20:22,Billing,P3,EN,email,SMB,0,0,standard,29,240,2026-03-03 09:21:00,960,2026-03-04 13:21:00,billing,Billing contact did not receive monthly invoice email
TKT-00109,2026-03-02 13:40:34,Product Support,P2,EN,portal,SMB,0,0,standard,39,60,2026-03-02 14:40:34,480,2026-03-03 13:41:00,product_support,Kanban board shows outdated ticket counts after refresh
TKT-00110,2026-03-02 13:41:41,Product Support,P3,DE,chat,Mid-Market,0,0,simple,12,240,2026-03-03 09:42:00,960,2026-03-04 13:42:00,product_support|de_language,Attachment preview fails for PDF uploaded from mobile app
TKT-00111,2026-03-02 13:42:45,Integrations/API,P3,EN,email,SMB,0,0,standard,37,240,2026-03-03 09:43:00,960,2026-03-04 13:43:00,integrations_api|api_specialist,SSO assertion rejected after identity provider certificate update
TKT-00112,2026-03-02 13:51:44,Product Support,P3,EN,portal,Mid-Market,0,0,standard,25,240,2026-03-03 09:52:00,960,2026-03-04 13:52:00,product_support,Workflow automation did not trigger after status update
TKT-00113,2026-03-02 13:59:53,Product Support,P3,DE,email,Mid-Market,0,0,standard,31,240,2026-03-03 10:00:00,960,2026-03-04 14:00:00,product_support|de_language,Webhook retry settings not visible in admin interface
TKT-00114,2026-03-02 14:07:50,Product Support,P4,EN,portal,Mid-Market,0,0,standard,28,480,2026-03-03 14:08:00,2400,2026-03-09 14:08:00,product_support,Exported CSV misses custom fields in final report
TKT-00115,2026-03-02 14:09:29,Integrations/API,P3,EN,email,SMB,0,0,standard,46,240,2026-03-03 10:10:00,960,2026-03-04 14:10:00,integrations_api|api_specialist,REST API pagination skips records after cursor handoff
TKT-00116,2026-03-02 14:26:13,Product Support,P3,EN,portal,SMB,0,0,standard,41,240,2026-03-03 10:27:00,960,2026-03-04 14:27:00,product_support,Exported CSV misses custom fields in final report
TKT-00117,2026-03-02 14:37:45,Billing,P3,EN,portal,Enterprise,0,0,standard,35,240,2026-03-03 10:38:00,960,2026-03-04 14:38:00,billing|enterprise_handling,Seat reduction request still billed at previous volume
TKT-00118,2026-03-02 14:44:29,Product Support,P4,EN,email,SMB,0,0,standard,45,480,2026-03-03 14:45:00,2400,2026-03-09 14:45:00,product_support,Dashboard filter not persisting for saved view
TKT-00119,2026-03-02 15:03:19,Product Support,P1,EN,email,Enterprise,0,0,standard,47,15,2026-03-02 15:18:19,240,2026-03-03 11:04:00,product_support|enterprise_handling|incident_escalation,Kanban board shows outdated ticket counts after refresh
TKT-00120,2026-03-02 15:14:51,Product Support,P3,EN,email,SMB,0,0,simple,17,240,2026-03-03 11:15:00,960,2026-03-04 15:15:00,product_support,Webhook retry settings not visible in admin interface
TKT-00121,2026-03-03 08:04:36,Product Support,P3,DE,email,SMB,0,0,standard,31,240,2026-03-03 12:04:36,960,2026-03-05 08:05:00,product_support|de_language,Attachment preview fails for PDF uploaded from mobile app
TKT-00122,2026-03-03 08:10:58,Product Support,P4,EN,email,SMB,0,0,simple,11,480,2026-03-04 08:11:00,2400,2026-03-10 08:11:00,product_support,Custom field values not visible in agent workspace
TKT-00123,2026-03-03 08:19:03,Account Access,P3,EN,portal,SMB,0,0,standard,27,240,2026-03-03 12:19:03,960,2026-03-05 08:20:00,account_access,Group-based permissions not syncing from identity provider
TKT-00124,2026-03-03 08:24:13,Billing,P4,EN,portal,SMB,0,0,standard,20,480,2026-03-04 08:25:00,2400,2026-03-10 08:25:00,billing,Payment method update failed during renewal
TKT-00125,2026-03-03 08:25:34,Billing,P3,EN,portal,SMB,0,0,standard,30,240,2026-03-03 12:25:34,960,2026-03-05 08:26:00,billing,Credit note not applied to outstanding balance
TKT-00126,2026-03-03 08:33:36,Account Access,P3,EN,email,Mid-Market,0,0,standard,19,240,2026-03-03 12:33:36,960,2026-03-05 08:34:00,account_access,SSO login loops back to sign-in page
TKT-00127,2026-03-03 08:38:46,Billing,P2,EN,portal,SMB,0,1,complex,79,60,2026-03-03 09:38:46,480,2026-03-04 08:39:00,billing,Billing contact did not receive monthly invoice email
TKT-00128,2026-03-03 08:39:03,Product Support,P2,EN,portal,Mid-Market,0,0,standard,34,60,2026-03-03 09:39:03,480,2026-03-04 08:40:00,product_support,Search results differ between UI and exported report
TKT-00129,2026-03-03 08:53:23,Account Access,P4,EN,portal,Mid-Market,0,0,standard,18,480,2026-03-04 08:54:00,2400,2026-03-10 08:54:00,account_access,Group-based permissions not syncing from identity provider
TKT-00130,2026-03-03 09:00:44,Account Access,P2,DE,email,SMB,0,0,standard,22,60,2026-03-03 10:00:44,480,2026-03-04 09:01:00,account_access|de_language,Permission update not reflected in project dashboard
TKT-00131,2026-03-03 09:10:08,Account Access,P3,DE,email,SMB,0,0,simple,6,240,2026-03-03 13:10:08,960,2026-03-05 09:11:00,account_access|de_language,Account locked after repeated login attempts
TKT-00132,2026-03-03 09:13:57,Integrations/API,P3,EN,email,SMB,0,0,complex,99,240,2026-03-03 13:13:57,960,2026-03-05 09:14:00,integrations_api|api_specialist|integration_specialist,REST API pagination skips records after cursor handoff
TKT-00133,2026-03-03 09:16:06,Account Access,P3,EN,portal,SMB,0,1,simple,7,240,2026-03-03 13:16:06,960,2026-03-05 09:17:00,account_access,Session expires immediately after successful login
TKT-00134,2026-03-03 09:16:40,Integrations/API,P3,EN,email,Enterprise,0,0,standard,54,240,2026-03-03 13:16:40,960,2026-03-05 09:17:00,integrations_api|enterprise_handling|api_specialist,REST API pagination skips records after cursor handoff
TKT-00135,2026-03-03 09:18:15,Integrations/API,P2,DE,email,SMB,0,0,complex,119,60,2026-03-03 10:18:15,480,2026-03-04 09:19:00,integrations_api|de_language|api_specialist|integration_specialist,SSO assertion rejected after identity provider certificate update
TKT-00136,2026-03-03 09:20:31,Product Support,P3,EN,portal,Mid-Market,0,0,standard,45,240,2026-03-03 13:20:31,960,2026-03-05 09:21:00,product_support,Workflow automation did not trigger after status update
TKT-00137,2026-03-03 09:23:02,Product Support,P3,EN,email,Enterprise,0,0,complex,55,240,2026-03-03 13:23:02,960,2026-03-05 09:24:00,product_support|enterprise_handling|product_specialist,Attachment preview fails for PDF uploaded from mobile app
TKT-00138,2026-03-03 09:24:42,Product Support,P4,EN,email,Mid-Market,0,0,complex,81,480,2026-03-04 09:25:00,2400,2026-03-10 09:25:00,product_support|product_specialist,Search results differ between UI and exported report
TKT-00139,2026-03-03 09:29:28,Billing,P4,EN,email,SMB,0,0,complex,43,480,2026-03-04 09:30:00,2400,2026-03-10 09:30:00,billing,Invoice shows duplicate line items after plan change
TKT-00140,2026-03-03 09:30:04,Account Access,P3,DE,portal,SMB,0,0,simple,11,240,2026-03-03 13:30:04,960,2026-03-05 09:31:00,account_access|de_language,Role change not reflected after access approval
TKT-00141,2026-03-03 09:34:53,Integrations/API,P4,DE,email,SMB,0,0,standard,41,480,2026-03-04 09:35:00,2400,2026-03-10 09:35:00,integrations_api|de_language|api_specialist,Webhook signature validation differs from documentation example
TKT-00142,2026-03-03 09:36:05,Account Access,P4,EN,email,SMB,0,0,standard,28,480,2026-03-04 09:37:00,2400,2026-03-10 09:37:00,account_access,MFA challenge not accepted for admin account
TKT-00143,2026-03-03 09:36:31,Product Support,P3,EN,portal,SMB,0,0,simple,21,240,2026-03-03 13:36:31,960,2026-03-05 09:37:00,product_support,Webhook retry settings not visible in admin interface
TKT-00144,2026-03-03 09:42:01,Product Support,P3,DE,portal,SMB,0,1,complex,56,240,2026-03-03 13:42:01,960,2026-03-05 09:43:00,product_support|de_language|product_specialist,Workflow automation did not trigger after status update
TKT-00145,2026-03-03 09:46:02,Billing,P2,DE,portal,Mid-Market,0,0,complex,51,60,2026-03-03 10:46:02,480,2026-03-04 09:47:00,billing|de_language,Upgrade request created prorated amount mismatch
TKT-00146,2026-03-03 09:51:38,Product Support,P3,EN,email,SMB,0,0,simple,16,240,2026-03-03 13:51:38,960,2026-03-05 09:52:00,product_support,Kanban board shows outdated ticket counts after refresh
TKT-00147,2026-03-03 09:54:06,Product Support,P3,DE,portal,SMB,0,0,standard,38,240,2026-03-03 13:54:06,960,2026-03-05 09:55:00,product_support|de_language,Webhook retry settings not visible in admin interface
TKT-00148,2026-03-03 09:57:32,Product Support,P3,EN,email,SMB,0,0,standard,25,240,2026-03-03 13:57:32,960,2026-03-05 09:58:00,product_support,Search results differ between UI and exported report
TKT-00149,2026-03-03 10:00:54,Account Access,P4,EN,portal,SMB,0,0,standard,22,480,2026-03-04 10:01:00,2400,2026-03-10 10:01:00,account_access,Account locked after repeated login attempts
TKT-00150,2026-03-03 10:03:01,Billing,P1,EN,email,SMB,0,0,standard,32,15,2026-03-03 10:18:01,240,2026-03-03 14:03:01,billing|incident_escalation,Payment method update failed during renewal
TKT-00151,2026-03-03 10:06:37,Billing,P3,DE,portal,Mid-Market,0,0,complex,44,240,2026-03-03 14:06:37,960,2026-03-05 10:07:00,billing|de_language,Invoice shows duplicate line items after plan change
TKT-00152,2026-03-03 10:11:01,Product Support,P2,EN,portal,Enterprise,0,0,complex,80,60,2026-03-03 11:11:01,480,2026-03-04 10:12:00,product_support|enterprise_handling|product_specialist,Notification rule sent duplicate emails to requester
TKT-00153,2026-03-03 10:11:42,Product Support,P3,EN,portal,Mid-Market,0,0,standard,31,240,2026-03-03 14:11:42,960,2026-03-05 10:12:00,product_support,Exported CSV misses custom fields in final report
TKT-00154,2026-03-03 10:11:54,Product Support,P3,EN,email,Enterprise,0,1,complex,65,240,2026-03-03 14:11:54,960,2026-03-05 10:12:00,product_support|enterprise_handling|product_specialist,Dashboard filter not persisting for saved view
TKT-00155,2026-03-03 10:14:01,Billing,P4,DE,portal,Mid-Market,0,1,standard,23,480,2026-03-04 10:15:00,2400,2026-03-10 10:15:00,billing|de_language,Upgrade request created prorated amount mismatch
TKT-00156,2026-03-03 10:14:22,Account Access,P3,EN,portal,SMB,0,0,standard,23,240,2026-03-03 14:14:22,960,2026-03-05 10:15:00,account_access,SSO login loops back to sign-in page
TKT-00157,2026-03-03 10:16:27,Billing,P4,EN,email,Mid-Market,0,0,simple,12,480,2026-03-04 10:17:00,2400,2026-03-10 10:17:00,billing,Purchase order reference missing from latest invoice
TKT-00158,2026-03-03 10:20:18,Product Support,P3,EN,chat,Mid-Market,0,0,simple,19,240,2026-03-03 14:20:18,960,2026-03-05 10:21:00,product_support,Exported CSV misses custom fields in final report
TKT-00159,2026-03-03 10:22:41,Billing,P3,EN,portal,Mid-Market,0,0,standard,19,240,2026-03-03 14:22:41,960,2026-03-05 10:23:00,billing,Invoice shows duplicate line items after plan change
TKT-00160,2026-03-03 10:26:06,Billing,P4,EN,portal,SMB,0,0,standard,31,480,2026-03-04 10:27:00,2400,2026-03-10 10:27:00,billing,Subscription cancellation not reflected in billing portal
TKT-00161,2026-03-03 10:33:28,Billing,P3,EN,email,SMB,0,1,standard,19,240,2026-03-03 14:33:28,960,2026-03-05 10:34:00,billing,Payment method update failed during renewal
TKT-00162,2026-03-03 10:34:05,Account Access,P4,EN,portal,SMB,0,0,standard,24,480,2026-03-04 10:35:00,2400,2026-03-10 10:35:00,account_access,Session expires immediately after successful login
TKT-00163,2026-03-03 10:36:45,Account Access,P4,EN,portal,SMB,0,0,simple,10,480,2026-03-04 10:37:00,2400,2026-03-10 10:37:00,account_access,Group-based permissions not syncing from identity provider
TKT-00164,2026-03-03 10:37:44,Integrations/API,P4,DE,email,Mid-Market,0,0,standard,59,480,2026-03-04 10:38:00,2400,2026-03-10 10:38:00,integrations_api|de_language|api_specialist,REST API pagination skips records after cursor handoff
TKT-00165,2026-03-03 10:38:01,Account Access,P3,EN,email,Mid-Market,0,1,standard,27,240,2026-03-03 14:38:01,960,2026-03-05 10:39:00,account_access,New team member did not receive activation email
TKT-00166,2026-03-03 10:41:15,Account Access,P4,EN,portal,SMB,0,1,standard,17,480,2026-03-04 10:42:00,2400,2026-03-10 10:42:00,account_access,User cannot access workspace after password reset
TKT-00167,2026-03-03 10:41:36,Integrations/API,P4,DE,portal,Mid-Market,0,0,standard,33,480,2026-03-04 10:42:00,2400,2026-03-10 10:42:00,integrations_api|de_language|api_specialist,CRM integration stopped syncing ticket comments overnight
TKT-00168,2026-03-03 10:44:46,Account Access,P4,DE,portal,Mid-Market,0,0,simple,9,480,2026-03-04 10:45:00,2400,2026-03-10 10:45:00,account_access|de_language,Session expires immediately after successful login
TKT-00169,2026-03-03 10:47:09,Integrations/API,P2,EN,email,SMB,0,0,complex,71,60,2026-03-03 11:47:09,480,2026-03-04 10:48:00,integrations_api|api_specialist|integration_specialist,ERP connector creates duplicate records on retry
TKT-00170,2026-03-03 10:51:45,Account Access,P3,EN,portal,SMB,0,0,standard,29,240,2026-03-03 14:51:45,960,2026-03-05 10:52:00,account_access,New team member did not receive activation email
TKT-00171,2026-03-03 10:52:27,Product Support,P3,DE,portal,Mid-Market,0,0,standard,31,240,2026-03-03 14:52:27,960,2026-03-05 10:53:00,product_support|de_language,Webhook retry settings not visible in admin interface
TKT-00172,2026-03-03 10:58:29,Account Access,P3,EN,chat,SMB,0,1,complex,46,240,2026-03-03 14:58:29,960,2026-03-05 10:59:00,account_access,User cannot access workspace after password reset
TKT-00173,2026-03-03 11:00:01,Integrations/API,P2,DE,email,Mid-Market,0,0,complex,70,60,2026-03-03 12:00:01,480,2026-03-04 11:01:00,integrations_api|de_language|api_specialist|integration_specialist,Webhook delivery returns intermittent 502 responses
TKT-00174,2026-03-03 11:02:41,Account Access,P4,DE,portal,SMB,0,0,complex,40,480,2026-03-04 11:03:00,2400,2026-03-10 11:03:00,account_access|de_language,Group-based permissions not syncing from identity provider
TKT-00175,2026-03-03 11:03:55,Product Support,P3,DE,portal,Enterprise,1,0,simple,23,240,2026-03-03 15:03:55,960,2026-03-05 11:04:00,product_support|de_language|enterprise_handling,Webhook retry settings not visible in admin interface
TKT-00176,2026-03-03 11:05:08,Account Access,P3,DE,portal,Enterprise,0,0,simple,11,240,2026-03-03 15:05:08,960,2026-03-05 11:06:00,account_access|de_language|enterprise_handling,SSO login loops back to sign-in page
TKT-00177,2026-03-03 11:09:01,Billing,P4,DE,portal,SMB,0,0,standard,27,480,2026-03-04 11:10:00,2400,2026-03-10 11:10:00,billing|de_language,Seat reduction request still billed at previous volume
TKT-00178,2026-03-03 11:11:22,Product Support,P2,EN,portal,SMB,0,0,complex,87,60,2026-03-03 12:11:22,480,2026-03-04 11:12:00,product_support|product_specialist,Bulk update operation stalled for large ticket batch
TKT-00179,2026-03-03 11:14:27,Product Support,P3,DE,email,Enterprise,0,0,standard,43,240,2026-03-03 15:14:27,960,2026-03-05 11:15:00,product_support|de_language|enterprise_handling,Custom field values not visible in agent workspace
TKT-00180,2026-03-03 11:14:37,Billing,P4,EN,portal,Mid-Market,0,1,simple,13,480,2026-03-04 11:15:00,2400,2026-03-10 11:15:00,billing,Billing contact did not receive monthly invoice email
TKT-00181,2026-03-03 11:22:38,Billing,P3,EN,portal,SMB,0,0,standard,19,240,2026-03-03 15:22:38,960,2026-03-05 11:23:00,billing,Subscription cancellation not reflected in billing portal
TKT-00182,2026-03-03 11:22:40,Product Support,P2,DE,portal,Enterprise,0,0,standard,38,60,2026-03-03 12:22:40,480,2026-03-04 11:23:00,product_support|de_language|enterprise_handling,Kanban board shows outdated ticket counts after refresh
TKT-00183,2026-03-03 11:23:01,Account Access,P2,EN,chat,Mid-Market,0,0,complex,69,60,2026-03-03 12:23:01,480,2026-03-04 11:24:00,account_access,SCIM-provisioned user missing expected product access
TKT-00184,2026-03-03 11:24:49,Billing,P3,EN,portal,SMB,0,0,simple,15,240,2026-03-03 15:24:49,960,2026-03-05 11:25:00,billing,Subscription cancellation not reflected in billing portal
TKT-00185,2026-03-03 11:26:05,Product Support,P2,EN,portal,Mid-Market,0,0,simple,22,60,2026-03-03 12:26:05,480,2026-03-04 11:27:00,product_support,Exported CSV misses custom fields in final report
TKT-00186,2026-03-03 11:28:24,Product Support,P3,DE,email,Enterprise,0,0,simple,14,240,2026-03-03 15:28:24,960,2026-03-05 11:29:00,product_support|de_language|enterprise_handling,Webhook retry settings not visible in admin interface
TKT-00187,2026-03-03 11:31:13,Account Access,P3,EN,chat,Mid-Market,0,0,simple,10,240,2026-03-03 15:31:13,960,2026-03-05 11:32:00,account_access,Role change not reflected after access approval
TKT-00188,2026-03-03 11:32:06,Product Support,P2,DE,portal,Mid-Market,0,0,simple,22,60,2026-03-03 12:32:06,480,2026-03-04 11:33:00,product_support|de_language,Kanban board shows outdated ticket counts after refresh
TKT-00189,2026-03-03 11:33:37,Billing,P4,DE,chat,SMB,0,0,complex,54,480,2026-03-04 11:34:00,2400,2026-03-10 11:34:00,billing|de_language,Currency setting changed but invoice still generated in USD
TKT-00190,2026-03-03 11:38:33,Account Access,P3,EN,portal,SMB,0,0,standard,17,240,2026-03-03 15:38:33,960,2026-03-05 11:39:00,account_access,Session expires immediately after successful login
TKT-00191,2026-03-03 11:39:50,Product Support,P2,EN,portal,SMB,0,0,simple,17,60,2026-03-03 12:39:50,480,2026-03-04 11:40:00,product_support,Attachment preview fails for PDF uploaded from mobile app
TKT-00192,2026-03-03 11:40:30,Product Support,P3,DE,email,SMB,0,0,simple,17,240,2026-03-03 15:40:30,960,2026-03-05 11:41:00,product_support|de_language,Kanban board shows outdated ticket counts after refresh
TKT-00193,2026-03-03 11:40:59,Product Support,P3,EN,portal,SMB,0,0,standard,28,240,2026-03-03 15:40:59,960,2026-03-05 11:41:00,product_support,Workflow automation did not trigger after status update
TKT-00194,2026-03-03 11:41:46,Billing,P4,DE,portal,SMB,0,0,simple,15,480,2026-03-04 11:42:00,2400,2026-03-10 11:42:00,billing|de_language,Seat reduction request still billed at previous volume
TKT-00195,2026-03-03 11:44:44,Product Support,P2,EN,email,Mid-Market,0,0,standard,33,60,2026-03-03 12:44:44,480,2026-03-04 11:45:00,product_support,Notification rule sent duplicate emails to requester
TKT-00196,2026-03-03 11:46:46,Product Support,P3,EN,email,SMB,0,0,simple,19,240,2026-03-03 15:46:46,960,2026-03-05 11:47:00,product_support,Custom field values not visible in agent workspace
TKT-00197,2026-03-03 11:47:15,Integrations/API,P3,EN,portal,SMB,0,0,complex,72,240,2026-03-03 15:47:15,960,2026-03-05 11:48:00,integrations_api|api_specialist|integration_specialist,OAuth token refresh fails for production integration
TKT-00198,2026-03-03 11:56:23,Account Access,P3,EN,portal,SMB,0,0,simple,12,240,2026-03-03 15:56:23,960,2026-03-05 11:57:00,account_access,New team member did not receive activation email
TKT-00199,2026-03-03 11:57:11,Account Access,P3,EN,portal,Enterprise,0,0,standard,22,240,2026-03-03 15:57:11,960,2026-03-05 11:58:00,account_access|enterprise_handling,New team member did not receive activation email
TKT-00200,2026-03-03 12:00:11,Product Support,P4,EN,email,SMB,0,0,standard,43,480,2026-03-04 12:01:00,2400,2026-03-10 12:01:00,product_support,Bulk update operation stalled for large ticket batch
TKT-00201,2026-03-03 12:00:13,Product Support,P4,DE,email,SMB,0,0,standard,32,480,2026-03-04 12:01:00,2400,2026-03-10 12:01:00,product_support|de_language,Attachment preview fails for PDF uploaded from mobile app
TKT-00202,2026-03-03 12:00:39,Billing,P3,EN,email,SMB,0,0,standard,22,240,2026-03-04 08:01:00,960,2026-03-05 12:01:00,billing,Upgrade request created prorated amount mismatch
TKT-00203,2026-03-03 12:03:45,Integrations/API,P2,EN,chat,SMB,0,0,simple,17,60,2026-03-03 13:03:45,480,2026-03-04 12:04:00,integrations_api|api_specialist,REST API pagination skips records after cursor handoff
TKT-00204,2026-03-03 12:08:12,Account Access,P4,DE,portal,Mid-Market,0,0,standard,17,480,2026-03-04 12:09:00,2400,2026-03-10 12:09:00,account_access|de_language,Permission update not reflected in project dashboard
TKT-00205,2026-03-03 12:08:24,Product Support,P1,EN,email,SMB,0,0,complex,100,15,2026-03-03 12:23:24,240,2026-03-04 08:09:00,product_support|incident_escalation|product_specialist,Custom field values not visible in agent workspace
TKT-00206,2026-03-03 12:09:41,Product Support,P4,EN,portal,Mid-Market,0,0,simple,11,480,2026-03-04 12:10:00,2400,2026-03-10 12:10:00,product_support,Kanban board shows outdated ticket counts after refresh
TKT-00207,2026-03-03 12:22:12,Product Support,P3,DE,email,Enterprise,0,0,standard,40,240,2026-03-04 08:23:00,960,2026-03-05 12:23:00,product_support|de_language|enterprise_handling,Dashboard filter not persisting for saved view
TKT-00208,2026-03-03 12:34:15,Account Access,P3,EN,email,Mid-Market,0,0,standard,22,240,2026-03-04 08:35:00,960,2026-03-05 12:35:00,account_access,User cannot access workspace after password reset
TKT-00209,2026-03-03 12:36:18,Product Support,P3,DE,email,SMB,0,0,standard,40,240,2026-03-04 08:37:00,960,2026-03-05 12:37:00,product_support|de_language,Workflow automation did not trigger after status update
TKT-00210,2026-03-03 12:52:02,Integrations/API,P2,EN,portal,Mid-Market,0,0,complex,103,60,2026-03-03 13:52:02,480,2026-03-04 12:53:00,integrations_api|api_specialist|integration_specialist,OAuth token refresh fails for production integration
TKT-00211,2026-03-03 13:08:40,Account Access,P4,EN,email,Mid-Market,0,0,standard,20,480,2026-03-04 13:09:00,2400,2026-03-10 13:09:00,account_access,MFA challenge not accepted for admin account
TKT-00212,2026-03-03 13:10:55,Billing,P2,EN,portal,Enterprise,0,1,complex,45,60,2026-03-03 14:10:55,480,2026-03-04 13:11:00,billing|enterprise_handling,Subscription cancellation not reflected in billing portal
TKT-00213,2026-03-03 13:13:56,Account Access,P3,EN,portal,SMB,0,0,simple,6,240,2026-03-04 09:14:00,960,2026-03-05 13:14:00,account_access,User cannot access workspace after password reset
TKT-00214,2026-03-03 13:25:10,Billing,P3,EN,portal,Enterprise,0,0,standard,26,240,2026-03-04 09:26:00,960,2026-03-05 13:26:00,billing|enterprise_handling,Upgrade request created prorated amount mismatch
TKT-00215,2026-03-03 13:40:18,Billing,P4,EN,portal,Mid-Market,0,0,standard,24,480,2026-03-04 13:41:00,2400,2026-03-10 13:41:00,billing,Purchase order reference missing from latest invoice
TKT-00216,2026-03-03 13:42:33,Product Support,P2,EN,email,Enterprise,0,0,standard,26,60,2026-03-03 14:42:33,480,2026-03-04 13:43:00,product_support|enterprise_handling,Bulk update operation stalled for large ticket batch
TKT-00217,2026-03-03 13:49:03,Billing,P3,DE,portal,Enterprise,0,0,simple,10,240,2026-03-04 09:50:00,960,2026-03-05 13:50:00,billing|de_language|enterprise_handling,Subscription cancellation not reflected in billing portal
TKT-00218,2026-03-03 13:53:20,Product Support,P3,EN,email,SMB,0,0,standard,36,240,2026-03-04 09:54:00,960,2026-03-05 13:54:00,product_support,Custom field values not visible in agent workspace
TKT-00219,2026-03-03 14:13:00,Product Support,P4,EN,portal,SMB,0,1,standard,33,480,2026-03-04 14:13:00,2400,2026-03-10 14:13:00,product_support,Search results differ between UI and exported report
TKT-00220,2026-03-03 14:16:20,Product Support,P3,DE,email,SMB,0,0,simple,22,240,2026-03-04 10:17:00,960,2026-03-05 14:17:00,product_support|de_language,Kanban board shows outdated ticket counts after refresh
TKT-00221,2026-03-03 14:21:10,Product Support,P3,EN,portal,SMB,0,0,complex,75,240,2026-03-04 10:22:00,960,2026-03-05 14:22:00,product_support|product_specialist,Notification rule sent duplicate emails to requester
TKT-00222,2026-03-03 14:24:56,Product Support,P3,EN,chat,Mid-Market,0,0,standard,45,240,2026-03-04 10:25:00,960,2026-03-05 14:25:00,product_support,Attachment preview fails for PDF uploaded from mobile app
TKT-00223,2026-03-03 14:25:31,Integrations/API,P2,EN,portal,Enterprise,0,0,standard,36,60,2026-03-03 15:25:31,480,2026-03-04 14:26:00,integrations_api|enterprise_handling|api_specialist,Webhook signature validation differs from documentation example
TKT-00224,2026-03-03 14:29:20,Product Support,P2,EN,chat,Enterprise,0,0,standard,36,60,2026-03-03 15:29:20,480,2026-03-04 14:30:00,product_support|enterprise_handling,Notification rule sent duplicate emails to requester
TKT-00225,2026-03-03 14:48:14,Product Support,P3,EN,portal,SMB,0,0,complex,87,240,2026-03-04 10:49:00,960,2026-03-05 14:49:00,product_support|product_specialist,Kanban board shows outdated ticket counts after refresh
TKT-00226,2026-03-03 15:04:46,Integrations/API,P3,EN,email,SMB,0,0,standard,31,240,2026-03-04 11:05:00,960,2026-03-05 15:05:00,integrations_api|api_specialist,API rate limit reached earlier than documented threshold
TKT-00227,2026-03-03 15:20:40,Account Access,P3,EN,portal,Mid-Market,0,0,simple,7,240,2026-03-04 11:21:00,960,2026-03-05 15:21:00,account_access,MFA challenge not accepted for admin account
TKT-00228,2026-03-04 08:06:01,Integrations/API,P3,EN,email,SMB,0,0,standard,32,240,2026-03-04 12:06:01,960,2026-03-06 08:07:00,integrations_api|api_specialist,SSO assertion rejected after identity provider certificate update
TKT-00229,2026-03-04 08:27:48,Product Support,P3,DE,email,SMB,0,0,complex,61,240,2026-03-04 12:27:48,960,2026-03-06 08:28:00,product_support|de_language|product_specialist,Kanban board shows outdated ticket counts after refresh
TKT-00230,2026-03-04 08:38:19,Product Support,P3,EN,email,SMB,0,0,standard,37,240,2026-03-04 12:38:19,960,2026-03-06 08:39:00,product_support,Exported CSV misses custom fields in final report
TKT-00231,2026-03-04 08:38:50,Account Access,P2,EN,email,SMB,0,0,simple,13,60,2026-03-04 09:38:50,480,2026-03-05 08:39:00,account_access,Group-based permissions not syncing from identity provider
TKT-00232,2026-03-04 08:43:37,Product Support,P3,DE,portal,Mid-Market,0,0,complex,84,240,2026-03-04 12:43:37,960,2026-03-06 08:44:00,product_support|de_language|product_specialist,Dashboard filter not persisting for saved view
TKT-00233,2026-03-04 08:45:07,Integrations/API,P1,DE,email,Mid-Market,0,0,complex,85,15,2026-03-04 09:00:07,240,2026-03-04 12:45:07,integrations_api|de_language|api_specialist|incident_escalation|integration_specialist,SCIM deprovisioning request returns 403 for service account
TKT-00234,2026-03-04 08:45:56,Product Support,P3,EN,email,Mid-Market,0,0,simple,12,240,2026-03-04 12:45:56,960,2026-03-06 08:46:00,product_support,Search results differ between UI and exported report
TKT-00235,2026-03-04 08:46:38,Product Support,P3,EN,email,SMB,0,0,simple,21,240,2026-03-04 12:46:38,960,2026-03-06 08:47:00,product_support,Dashboard filter not persisting for saved view
TKT-00236,2026-03-04 08:47:50,Product Support,P3,EN,portal,Mid-Market,0,0,standard,29,240,2026-03-04 12:47:50,960,2026-03-06 08:48:00,product_support,Notification rule sent duplicate emails to requester
TKT-00237,2026-03-04 08:51:04,Product Support,P3,EN,email,SMB,0,0,standard,31,240,2026-03-04 12:51:04,960,2026-03-06 08:52:00,product_support,Notification rule sent duplicate emails to requester
TKT-00238,2026-03-04 09:03:06,Product Support,P4,EN,portal,Mid-Market,0,0,standard,37,480,2026-03-05 09:04:00,2400,2026-03-11 09:04:00,product_support,Exported CSV misses custom fields in final report
TKT-00239,2026-03-04 09:07:36,Integrations/API,P2,EN,email,SMB,0,0,standard,44,60,2026-03-04 10:07:36,480,2026-03-05 09:08:00,integrations_api|api_specialist,GraphQL endpoint times out on nested customer query
TKT-00240,2026-03-04 09:18:56,Product Support,P3,EN,email,SMB,0,0,complex,59,240,2026-03-04 13:18:56,960,2026-03-06 09:19:00,product_support|product_specialist,Attachment preview fails for PDF uploaded from mobile app
TKT-00241,2026-03-04 09:19:26,Integrations/API,P1,EN,portal,SMB,0,0,standard,48,15,2026-03-04 09:34:26,240,2026-03-04 13:19:26,integrations_api|api_specialist|incident_escalation,ERP connector creates duplicate records on retry
TKT-00242,2026-03-04 09:23:29,Product Support,P2,EN,chat,SMB,0,0,standard,26,60,2026-03-04 10:23:29,480,2026-03-05 09:24:00,product_support,Bulk update operation stalled for large ticket batch
TKT-00243,2026-03-04 09:23:30,Integrations/API,P3,DE,portal,SMB,0,0,complex,99,240,2026-03-04 13:23:30,960,2026-03-06 09:24:00,integrations_api|de_language|api_specialist|integration_specialist,API rate limit reached earlier than documented threshold
TKT-00244,2026-03-04 09:24:11,Product Support,P3,EN,email,Enterprise,1,0,standard,39,240,2026-03-04 13:24:11,960,2026-03-06 09:25:00,product_support|enterprise_handling,Kanban board shows outdated ticket counts after refresh
TKT-00245,2026-03-04 09:29:49,Account Access,P3,EN,email,Enterprise,0,0,standard,26,240,2026-03-04 13:29:49,960,2026-03-06 09:30:00,account_access|enterprise_handling,New team member did not receive activation email
TKT-00246,2026-03-04 09:30:53,Account Access,P2,DE,portal,SMB,0,1,standard,18,60,2026-03-04 10:30:53,480,2026-03-05 09:31:00,account_access|de_language,SCIM-provisioned user missing expected product access
TKT-00247,2026-03-04 09:31:19,Billing,P3,DE,email,Enterprise,0,0,standard,30,240,2026-03-04 13:31:19,960,2026-03-06 09:32:00,billing|de_language|enterprise_handling,Currency setting changed but invoice still generated in USD
TKT-00248,2026-03-04 09:31:26,Product Support,P4,EN,portal,Mid-Market,0,0,complex,80,480,2026-03-05 09:32:00,2400,2026-03-11 09:32:00,product_support|product_specialist,Workflow automation did not trigger after status update
TKT-00249,2026-03-04 09:33:41,Billing,P4,EN,email,SMB,0,0,standard,29,480,2026-03-05 09:34:00,2400,2026-03-11 09:34:00,billing,Billing contact did not receive monthly invoice email
TKT-00250,2026-03-04 09:37:11,Product Support,P4,EN,portal,SMB,0,0,standard,42,480,2026-03-05 09:38:00,2400,2026-03-11 09:38:00,product_support,Exported CSV misses custom fields in final report
TKT-00251,2026-03-04 09:39:03,Product Support,P3,EN,email,SMB,0,0,complex,81,240,2026-03-04 13:39:03,960,2026-03-06 09:40:00,product_support|product_specialist,Bulk update operation stalled for large ticket batch
TKT-00252,2026-03-04 09:40:50,Account Access,P4,EN,portal,SMB,0,0,simple,6,480,2026-03-05 09:41:00,2400,2026-03-11 09:41:00,account_access,MFA challenge not accepted for admin account
TKT-00253,2026-03-04 09:49:12,Integrations/API,P3,EN,email,Mid-Market,0,0,simple,22,240,2026-03-04 13:49:12,960,2026-03-06 09:50:00,integrations_api|api_specialist,GraphQL endpoint times out on nested customer query
TKT-00254,2026-03-04 09:52:57,Product Support,P4,EN,chat,Enterprise,0,0,complex,67,480,2026-03-05 09:53:00,2400,2026-03-11 09:53:00,product_support|enterprise_handling|product_specialist,Notification rule sent duplicate emails to requester
TKT-00255,2026-03-04 09:58:07,Account Access,P3,EN,portal,Mid-Market,0,0,standard,27,240,2026-03-04 13:58:07,960,2026-03-06 09:59:00,account_access,SSO login loops back to sign-in page
TKT-00256,2026-03-04 09:58:40,Product Support,P3,EN,portal,SMB,0,1,standard,28,240,2026-03-04 13:58:40,960,2026-03-06 09:59:00,product_support,Webhook retry settings not visible in admin interface
TKT-00257,2026-03-04 10:03:25,Billing,P4,DE,portal,SMB,0,0,simple,8,480,2026-03-05 10:04:00,2400,2026-03-11 10:04:00,billing|de_language,Seat reduction request still billed at previous volume
TKT-00258,2026-03-04 10:04:37,Product Support,P3,EN,email,SMB,0,0,standard,43,240,2026-03-04 14:04:37,960,2026-03-06 10:05:00,product_support,Bulk update operation stalled for large ticket batch
TKT-00259,2026-03-04 10:09:42,Product Support,P2,EN,email,Mid-Market,0,0,complex,62,60,2026-03-04 11:09:42,480,2026-03-05 10:10:00,product_support|product_specialist,Attachment preview fails for PDF uploaded from mobile app
TKT-00260,2026-03-04 10:10:56,Product Support,P3,EN,portal,Enterprise,0,0,complex,69,240,2026-03-04 14:10:56,960,2026-03-06 10:11:00,product_support|enterprise_handling|product_specialist,Search results differ between UI and exported report
TKT-00261,2026-03-04 10:13:22,Product Support,P4,EN,portal,Mid-Market,0,1,standard,45,480,2026-03-05 10:14:00,2400,2026-03-11 10:14:00,product_support,Workflow automation did not trigger after status update
TKT-00262,2026-03-04 10:14:06,Product Support,P3,EN,portal,Mid-Market,0,0,simple,11,240,2026-03-04 14:14:06,960,2026-03-06 10:15:00,product_support,Webhook retry settings not visible in admin interface
TKT-00263,2026-03-04 10:15:46,Integrations/API,P2,DE,portal,Mid-Market,0,0,complex,86,60,2026-03-04 11:15:46,480,2026-03-05 10:16:00,integrations_api|de_language|api_specialist|integration_specialist,GraphQL endpoint times out on nested customer query
TKT-00264,2026-03-04 10:18:39,Product Support,P3,EN,email,Enterprise,0,0,simple,12,240,2026-03-04 14:18:39,960,2026-03-06 10:19:00,product_support|enterprise_handling,Webhook retry settings not visible in admin interface
TKT-00265,2026-03-04 10:31:21,Product Support,P2,EN,portal,Enterprise,1,0,standard,37,60,2026-03-04 11:31:21,480,2026-03-05 10:32:00,product_support|enterprise_handling,Kanban board shows outdated ticket counts after refresh
TKT-00266,2026-03-04 10:31:38,Product Support,P4,EN,portal,Enterprise,0,0,standard,30,480,2026-03-05 10:32:00,2400,2026-03-11 10:32:00,product_support|enterprise_handling,Dashboard filter not persisting for saved view
TKT-00267,2026-03-04 10:33:46,Account Access,P3,EN,portal,Mid-Market,0,0,simple,6,240,2026-03-04 14:33:46,960,2026-03-06 10:34:00,account_access,MFA challenge not accepted for admin account
TKT-00268,2026-03-04 10:35:18,Integrations/API,P4,EN,portal,Mid-Market,0,0,standard,49,480,2026-03-05 10:36:00,2400,2026-03-11 10:36:00,integrations_api|api_specialist,API rate limit reached earlier than documented threshold
TKT-00269,2026-03-04 10:37:06,Account Access,P3,DE,portal,SMB,0,0,simple,7,240,2026-03-04 14:37:06,960,2026-03-06 10:38:00,account_access|de_language,User cannot access workspace after password reset
TKT-00270,2026-03-04 10:40:56,Account Access,P4,EN,chat,Enterprise,0,0,standard,19,480,2026-03-05 10:41:00,2400,2026-03-11 10:41:00,account_access|enterprise_handling,SCIM-provisioned user missing expected product access
TKT-00271,2026-03-04 10:42:08,Account Access,P3,EN,email,Mid-Market,0,0,standard,24,240,2026-03-04 14:42:08,960,2026-03-06 10:43:00,account_access,Session expires immediately after successful login
TKT-00272,2026-03-04 10:45:43,Product Support,P2,EN,portal,SMB,0,0,simple,19,60,2026-03-04 11:45:43,480,2026-03-05 10:46:00,product_support,Exported CSV misses custom fields in final report
TKT-00273,2026-03-04 10:45:45,Billing,P1,EN,portal,Enterprise,0,0,standard,31,15,2026-03-04 11:00:45,240,2026-03-04 14:45:45,billing|enterprise_handling|incident_escalation,Currency setting changed but invoice still generated in USD
TKT-00274,2026-03-04 10:51:49,Account Access,P3,EN,portal,SMB,0,0,simple,11,240,2026-03-04 14:51:49,960,2026-03-06 10:52:00,account_access,Permission update not reflected in project dashboard
TKT-00275,2026-03-04 10:52:12,Account Access,P3,EN,email,SMB,0,0,standard,23,240,2026-03-04 14:52:12,960,2026-03-06 10:53:00,account_access,New team member did not receive activation email
TKT-00276,2026-03-04 10:52:29,Product Support,P2,EN,portal,SMB,0,1,simple,18,60,2026-03-04 11:52:29,480,2026-03-05 10:53:00,product_support,Kanban board shows outdated ticket counts after refresh
TKT-00277,2026-03-04 10:53:43,Product Support,P4,EN,portal,SMB,0,0,simple,11,480,2026-03-05 10:54:00,2400,2026-03-11 10:54:00,product_support,Search results differ between UI and exported report
TKT-00278,2026-03-04 10:57:24,Billing,P3,EN,email,SMB,0,0,simple,10,240,2026-03-04 14:57:24,960,2026-03-06 10:58:00,billing,Seat reduction request still billed at previous volume
TKT-00279,2026-03-04 10:59:26,Integrations/API,P4,EN,email,SMB,0,0,simple,27,480,2026-03-05 11:00:00,2400,2026-03-11 11:00:00,integrations_api|api_specialist,REST API pagination skips records after cursor handoff
TKT-00280,2026-03-04 10:59:49,Account Access,P2,EN,portal,Enterprise,0,0,standard,23,60,2026-03-04 11:59:49,480,2026-03-05 11:00:00,account_access|enterprise_handling,Permission update not reflected in project dashboard
TKT-00281,2026-03-04 11:00:14,Product Support,P4,EN,email,SMB,0,0,standard,31,480,2026-03-05 11:01:00,2400,2026-03-11 11:01:00,product_support,Attachment preview fails for PDF uploaded from mobile app
TKT-00282,2026-03-04 11:01:57,Billing,P4,DE,chat,SMB,0,0,standard,21,480,2026-03-05 11:02:00,2400,2026-03-11 11:02:00,billing|de_language,Purchase order reference missing from latest invoice
TKT-00283,2026-03-04 11:03:02,Product Support,P4,EN,portal,SMB,0,0,standard,38,480,2026-03-05 11:04:00,2400,2026-03-11 11:04:00,product_support,Webhook retry settings not visible in admin interface
TKT-00284,2026-03-04 11:06:44,Account Access,P4,DE,email,SMB,0,0,standard,30,480,2026-03-05 11:07:00,2400,2026-03-11 11:07:00,account_access|de_language,Group-based permissions not syncing from identity provider
TKT-00285,2026-03-04 11:08:16,Account Access,P3,DE,portal,SMB,0,0,complex,75,240,2026-03-04 15:08:16,960,2026-03-06 11:09:00,account_access|de_language,User cannot access workspace after password reset
TKT-00286,2026-03-04 11:12:46,Account Access,P3,EN,email,Mid-Market,0,0,complex,57,240,2026-03-04 15:12:46,960,2026-03-06 11:13:00,account_access,Account locked after repeated login attempts
TKT-00287,2026-03-04 11:13:55,Product Support,P1,EN,portal,Mid-Market,0,0,complex,98,15,2026-03-04 11:28:55,240,2026-03-04 15:13:55,product_support|incident_escalation|product_specialist,Search results differ between UI and exported report
TKT-00288,2026-03-04 11:15:47,Product Support,P3,EN,email,Mid-Market,0,0,complex,88,240,2026-03-04 15:15:47,960,2026-03-06 11:16:00,product_support|product_specialist,Custom field values not visible in agent workspace
TKT-00289,2026-03-04 11:21:56,Account Access,P3,EN,portal,Mid-Market,0,0,standard,27,240,2026-03-04 15:21:56,960,2026-03-06 11:22:00,account_access,SSO login loops back to sign-in page
TKT-00290,2026-03-04 11:22:39,Integrations/API,P1,EN,portal,Mid-Market,0,0,complex,129,15,2026-03-04 11:37:39,240,2026-03-04 15:22:39,integrations_api|api_specialist|incident_escalation|integration_specialist,REST API pagination skips records after cursor handoff
TKT-00291,2026-03-04 11:22:57,Account Access,P3,EN,email,SMB,0,0,simple,6,240,2026-03-04 15:22:57,960,2026-03-06 11:23:00,account_access,SCIM-provisioned user missing expected product access
TKT-00292,2026-03-04 11:26:58,Product Support,P2,EN,chat,SMB,0,1,standard,27,60,2026-03-04 12:26:58,480,2026-03-05 11:27:00,product_support,Kanban board shows outdated ticket counts after refresh
TKT-00293,2026-03-04 11:34:08,Product Support,P1,EN,portal,Mid-Market,0,0,standard,31,15,2026-03-04 11:49:08,240,2026-03-04 15:34:08,product_support|incident_escalation,Dashboard filter not persisting for saved view
TKT-00294,2026-03-04 11:38:18,Integrations/API,P1,EN,portal,Enterprise,1,0,complex,145,15,2026-03-04 11:53:18,240,2026-03-04 15:38:18,integrations_api|enterprise_handling|api_specialist|incident_escalation|integration_specialist,REST API pagination skips records after cursor handoff
TKT-00295,2026-03-04 11:40:56,Integrations/API,P3,DE,portal,Mid-Market,0,0,complex,64,240,2026-03-04 15:40:56,960,2026-03-06 11:41:00,integrations_api|de_language|api_specialist|integration_specialist,SSO assertion rejected after identity provider certificate update
TKT-00296,2026-03-04 11:41:09,Integrations/API,P3,EN,email,Mid-Market,0,0,standard,50,240,2026-03-04 15:41:09,960,2026-03-06 11:42:00,integrations_api|api_specialist,API rate limit reached earlier than documented threshold
TKT-00297,2026-03-04 11:42:14,Product Support,P3,EN,email,Mid-Market,0,0,standard,38,240,2026-03-04 15:42:14,960,2026-03-06 11:43:00,product_support,Workflow automation did not trigger after status update
TKT-00298,2026-03-04 11:43:05,Account Access,P4,EN,portal,SMB,0,0,simple,10,480,2026-03-05 11:44:00,2400,2026-03-11 11:44:00,account_access,Session expires immediately after successful login
TKT-00299,2026-03-04 11:44:10,Product Support,P4,DE,email,SMB,0,0,standard,32,480,2026-03-05 11:45:00,2400,2026-03-11 11:45:00,product_support|de_language,Kanban board shows outdated ticket counts after refresh
TKT-00300,2026-03-04 11:45:11,Product Support,P3,EN,email,Mid-Market,0,0,complex,50,240,2026-03-04 15:45:11,960,2026-03-06 11:46:00,product_support|product_specialist,Dashboard filter not persisting for saved view
TKT-00301,2026-03-04 11:47:13,Integrations/API,P2,EN,portal,Enterprise,0,0,complex,64,60,2026-03-04 12:47:13,480,2026-03-05 11:48:00,integrations_api|enterprise_handling|api_specialist|integration_specialist,Webhook signature validation differs from documentation example
TKT-00302,2026-03-04 11:47:50,Integrations/API,P3,EN,email,Mid-Market,0,0,standard,38,240,2026-03-04 15:47:50,960,2026-03-06 11:48:00,integrations_api|api_specialist,GraphQL endpoint times out on nested customer query
TKT-00303,2026-03-04 11:49:46,Integrations/API,P3,EN,portal,SMB,0,0,standard,32,240,2026-03-04 15:49:46,960,2026-03-06 11:50:00,integrations_api|api_specialist,GraphQL endpoint times out on nested customer query
TKT-00304,2026-03-04 11:51:41,Product Support,P4,EN,email,Mid-Market,0,0,standard,34,480,2026-03-05 11:52:00,2400,2026-03-11 11:52:00,product_support,Dashboard filter not persisting for saved view
TKT-00305,2026-03-04 11:52:37,Product Support,P3,EN,portal,SMB,0,0,complex,76,240,2026-03-04 15:52:37,960,2026-03-06 11:53:00,product_support|product_specialist,Workflow automation did not trigger after status update
TKT-00306,2026-03-04 11:52:53,Integrations/API,P3,EN,email,Mid-Market,0,1,standard,39,240,2026-03-04 15:52:53,960,2026-03-06 11:53:00,integrations_api|api_specialist,CRM integration stopped syncing ticket comments overnight
TKT-00307,2026-03-04 11:55:07,Account Access,P2,EN,portal,SMB,0,0,standard,28,60,2026-03-04 12:55:07,480,2026-03-05 11:56:00,account_access,Account locked after repeated login attempts
TKT-00308,2026-03-04 11:55:12,Product Support,P2,EN,portal,SMB,0,0,standard,42,60,2026-03-04 12:55:12,480,2026-03-05 11:56:00,product_support,Kanban board shows outdated ticket counts after refresh
TKT-00309,2026-03-04 11:57:42,Product Support,P3,EN,portal,SMB,0,0,complex,80,240,2026-03-04 15:57:42,960,2026-03-06 11:58:00,product_support|product_specialist,Custom field values not visible in agent workspace
TKT-00310,2026-03-04 11:58:32,Account Access,P3,EN,email,Mid-Market,0,0,simple,9,240,2026-03-04 15:58:32,960,2026-03-06 11:59:00,account_access,Permission update not reflected in project dashboard
TKT-00311,2026-03-04 12:06:05,Billing,P3,DE,portal,Mid-Market,0,0,simple,15,240,2026-03-05 08:07:00,960,2026-03-06 12:07:00,billing|de_language,Invoice shows duplicate line items after plan change
TKT-00312,2026-03-04 12:07:25,Product Support,P3,EN,portal,Mid-Market,0,0,standard,32,240,2026-03-05 08:08:00,960,2026-03-06 12:08:00,product_support,Bulk update operation stalled for large ticket batch
TKT-00313,2026-03-04 12:10:12,Product Support,P3,EN,email,SMB,0,0,standard,29,240,2026-03-05 08:11:00,960,2026-03-06 12:11:00,product_support,Search results differ between UI and exported report
TKT-00314,2026-03-04 12:13:00,Account Access,P2,EN,portal,SMB,0,1,standard,22,60,2026-03-04 13:13:00,480,2026-03-05 12:13:00,account_access,SCIM-provisioned user missing expected product access
TKT-00315,2026-03-04 12:17:40,Product Support,P3,EN,portal,Mid-Market,0,0,simple,19,240,2026-03-05 08:18:00,960,2026-03-06 12:18:00,product_support,Custom field values not visible in agent workspace
TKT-00316,2026-03-04 12:17:45,Account Access,P2,EN,portal,Mid-Market,0,0,standard,16,60,2026-03-04 13:17:45,480,2026-03-05 12:18:00,account_access,MFA challenge not accepted for admin account
TKT-00317,2026-03-04 12:20:41,Billing,P1,EN,email,Mid-Market,0,0,complex,74,15,2026-03-04 12:35:41,240,2026-03-05 08:21:00,billing|incident_escalation,Subscription cancellation not reflected in billing portal
TKT-00318,2026-03-04 12:41:48,Integrations/API,P1,EN,email,Enterprise,0,0,standard,69,15,2026-03-04 12:56:48,240,2026-03-05 08:42:00,integrations_api|enterprise_handling|api_specialist|incident_escalation,SCIM deprovisioning request returns 403 for service account
TKT-00319,2026-03-04 12:44:23,Product Support,P3,EN,portal,Enterprise,0,0,simple,20,240,2026-03-05 08:45:00,960,2026-03-06 12:45:00,product_support|enterprise_handling,Webhook retry settings not visible in admin interface
TKT-00320,2026-03-04 12:44:54,Billing,P2,EN,chat,Enterprise,0,1,standard,19,60,2026-03-04 13:44:54,480,2026-03-05 12:45:00,billing|enterprise_handling,Billing contact did not receive monthly invoice email
TKT-00321,2026-03-04 12:46:29,Integrations/API,P3,EN,portal,SMB,0,0,complex,103,240,2026-03-05 08:47:00,960,2026-03-06 12:47:00,integrations_api|api_specialist|integration_specialist,ERP connector creates duplicate records on retry
TKT-00322,2026-03-04 12:49:15,Integrations/API,P2,EN,portal,Mid-Market,0,0,complex,92,60,2026-03-04 13:49:15,480,2026-03-05 12:50:00,integrations_api|api_specialist|integration_specialist,CRM integration stopped syncing ticket comments overnight
TKT-00323,2026-03-04 12:49:24,Account Access,P2,EN,email,Mid-Market,0,0,standard,20,60,2026-03-04 13:49:24,480,2026-03-05 12:50:00,account_access,Permission update not reflected in project dashboard
TKT-00324,2026-03-04 12:52:08,Integrations/API,P3,DE,portal,Enterprise,0,0,complex,67,240,2026-03-05 08:53:00,960,2026-03-06 12:53:00,integrations_api|de_language|enterprise_handling|api_specialist|integration_specialist,API rate limit reached earlier than documented threshold
TKT-00325,2026-03-04 12:52:57,Billing,P3,DE,email,Mid-Market,0,0,standard,32,240,2026-03-05 08:53:00,960,2026-03-06 12:53:00,billing|de_language,Purchase order reference missing from latest invoice
TKT-00326,2026-03-04 12:53:18,Account Access,P3,EN,portal,SMB,0,0,standard,22,240,2026-03-05 08:54:00,960,2026-03-06 12:54:00,account_access,Group-based permissions not syncing from identity provider
TKT-00327,2026-03-04 12:53:20,Account Access,P3,EN,portal,Mid-Market,0,0,standard,26,240,2026-03-05 08:54:00,960,2026-03-06 12:54:00,account_access,SSO login loops back to sign-in page
TKT-00328,2026-03-04 12:53:25,Integrations/API,P3,EN,portal,SMB,0,1,simple,19,240,2026-03-05 08:54:00,960,2026-03-06 12:54:00,integrations_api|api_specialist,REST API pagination skips records after cursor handoff
TKT-00329,2026-03-04 13:18:28,Account Access,P4,EN,portal,SMB,0,0,simple,12,480,2026-03-05 13:19:00,2400,2026-03-11 13:19:00,account_access,Session expires immediately after successful login
TKT-00330,2026-03-04 13:21:33,Integrations/API,P4,DE,portal,Mid-Market,0,0,complex,85,480,2026-03-05 13:22:00,2400,2026-03-11 13:22:00,integrations_api|de_language|api_specialist|integration_specialist,ERP connector creates duplicate records on retry
TKT-00331,2026-03-04 13:34:14,Integrations/API,P1,EN,portal,Mid-Market,0,0,standard,51,15,2026-03-04 13:49:14,240,2026-03-05 09:35:00,integrations_api|api_specialist|incident_escalation,Webhook delivery returns intermittent 502 responses
TKT-00332,2026-03-04 13:58:25,Integrations/API,P3,EN,portal,Enterprise,1,0,complex,76,240,2026-03-05 09:59:00,960,2026-03-06 13:59:00,integrations_api|enterprise_handling|api_specialist|integration_specialist,Webhook signature validation differs from documentation example
TKT-00333,2026-03-04 14:01:40,Product Support,P3,DE,email,SMB,0,0,complex,94,240,2026-03-05 10:02:00,960,2026-03-06 14:02:00,product_support|de_language|product_specialist,Custom field values not visible in agent workspace
TKT-00334,2026-03-04 14:07:37,Integrations/API,P2,EN,email,SMB,0,0,complex,123,60,2026-03-04 15:07:37,480,2026-03-05 14:08:00,integrations_api|api_specialist|integration_specialist,CRM integration stopped syncing ticket comments overnight
TKT-00335,2026-03-04 14:08:43,Account Access,P4,EN,portal,SMB,0,0,simple,12,480,2026-03-05 14:09:00,2400,2026-03-11 14:09:00,account_access,MFA challenge not accepted for admin account
TKT-00336,2026-03-04 14:14:24,Billing,P2,EN,chat,Mid-Market,0,0,simple,14,60,2026-03-04 15:14:24,480,2026-03-05 14:15:00,billing,Tax calculation differs from contract expectations
TKT-00337,2026-03-04 14:15:45,Account Access,P3,EN,email,Enterprise,0,0,simple,7,240,2026-03-05 10:16:00,960,2026-03-06 14:16:00,account_access|enterprise_handling,Session expires immediately after successful login
TKT-00338,2026-03-04 14:38:44,Product Support,P3,EN,portal,Enterprise,1,0,standard,41,240,2026-03-05 10:39:00,960,2026-03-06 14:39:00,product_support|enterprise_handling,Search results differ between UI and exported report
TKT-00339,2026-03-04 14:48:47,Product Support,P3,EN,portal,SMB,0,0,standard,40,240,2026-03-05 10:49:00,960,2026-03-06 14:49:00,product_support,Custom field values not visible in agent workspace
TKT-00340,2026-03-04 15:19:31,Product Support,P3,EN,portal,SMB,0,0,standard,44,240,2026-03-05 11:20:00,960,2026-03-06 15:20:00,product_support,Kanban board shows outdated ticket counts after refresh
TKT-00341,2026-03-05 08:13:16,Account Access,P4,DE,portal,Enterprise,0,0,standard,16,480,2026-03-06 08:14:00,2400,2026-03-12 08:14:00,account_access|de_language|enterprise_handling,MFA challenge not accepted for admin account
TKT-00342,2026-03-05 08:22:20,Integrations/API,P4,EN,chat,SMB,0,0,standard,38,480,2026-03-06 08:23:00,2400,2026-03-12 08:23:00,integrations_api|api_specialist,OAuth token refresh fails for production integration
TKT-00343,2026-03-05 08:39:13,Billing,P4,EN,portal,Mid-Market,0,0,standard,34,480,2026-03-06 08:40:00,2400,2026-03-12 08:40:00,billing,Tax calculation differs from contract expectations
TKT-00344,2026-03-05 08:39:47,Product Support,P2,DE,portal,SMB,0,1,standard,43,60,2026-03-05 09:39:47,480,2026-03-06 08:40:00,product_support|de_language,Workflow automation did not trigger after status update
TKT-00345,2026-03-05 08:45:48,Product Support,P3,EN,email,SMB,0,1,simple,19,240,2026-03-05 12:45:48,960,2026-03-09 08:46:00,product_support,Bulk update operation stalled for large ticket batch
TKT-00346,2026-03-05 08:48:11,Integrations/API,P2,EN,email,SMB,0,0,complex,123,60,2026-03-05 09:48:11,480,2026-03-06 08:49:00,integrations_api|api_specialist|integration_specialist,ERP connector creates duplicate records on retry
TKT-00347,2026-03-05 08:52:21,Product Support,P3,EN,portal,SMB,0,0,simple,17,240,2026-03-05 12:52:21,960,2026-03-09 08:53:00,product_support,Search results differ between UI and exported report
TKT-00348,2026-03-05 09:01:54,Product Support,P4,EN,email,Mid-Market,0,0,standard,26,480,2026-03-06 09:02:00,2400,2026-03-12 09:02:00,product_support,Notification rule sent duplicate emails to requester
TKT-00349,2026-03-05 09:03:58,Billing,P2,DE,portal,Mid-Market,0,0,complex,55,60,2026-03-05 10:03:58,480,2026-03-06 09:04:00,billing|de_language,Currency setting changed but invoice still generated in USD
TKT-00350,2026-03-05 09:16:56,Billing,P4,EN,portal,Mid-Market,0,0,simple,13,480,2026-03-06 09:17:00,2400,2026-03-12 09:17:00,billing,Purchase order reference missing from latest invoice
TKT-00351,2026-03-05 09:22:17,Account Access,P4,EN,email,SMB,0,0,simple,5,480,2026-03-06 09:23:00,2400,2026-03-12 09:23:00,account_access,User cannot access workspace after password reset
TKT-00352,2026-03-05 09:24:27,Product Support,P4,EN,email,Enterprise,0,0,standard,38,480,2026-03-06 09:25:00,2400,2026-03-12 09:25:00,product_support|enterprise_handling,Notification rule sent duplicate emails to requester
TKT-00353,2026-03-05 09:24:36,Integrations/API,P4,DE,email,Mid-Market,0,1,complex,90,480,2026-03-06 09:25:00,2400,2026-03-12 09:25:00,integrations_api|de_language|api_specialist|integration_specialist,OAuth token refresh fails for production integration
TKT-00354,2026-03-05 09:26:05,Product Support,P3,DE,portal,Mid-Market,0,0,complex,55,240,2026-03-05 13:26:05,960,2026-03-09 09:27:00,product_support|de_language|product_specialist,Webhook retry settings not visible in admin interface
TKT-00355,2026-03-05 09:36:04,Product Support,P3,DE,portal,SMB,0,0,simple,10,240,2026-03-05 13:36:04,960,2026-03-09 09:37:00,product_support|de_language,Notification rule sent duplicate emails to requester
TKT-00356,2026-03-05 09:36:11,Product Support,P3,EN,portal,SMB,0,0,complex,78,240,2026-03-05 13:36:11,960,2026-03-09 09:37:00,product_support|product_specialist,Bulk update operation stalled for large ticket batch
TKT-00357,2026-03-05 09:40:27,Account Access,P2,EN,email,Mid-Market,0,0,standard,25,60,2026-03-05 10:40:27,480,2026-03-06 09:41:00,account_access,Account locked after repeated login attempts
TKT-00358,2026-03-05 09:42:58,Product Support,P3,DE,portal,Enterprise,1,1,simple,12,240,2026-03-05 13:42:58,960,2026-03-09 09:43:00,product_support|de_language|enterprise_handling,Bulk update operation stalled for large ticket batch
TKT-00359,2026-03-05 09:45:09,Product Support,P2,EN,portal,Mid-Market,0,0,standard,28,60,2026-03-05 10:45:09,480,2026-03-06 09:46:00,product_support,Dashboard filter not persisting for saved view
TKT-00360,2026-03-05 09:47:34,Product Support,P3,EN,portal,Enterprise,0,0,simple,20,240,2026-03-05 13:47:34,960,2026-03-09 09:48:00,product_support|enterprise_handling,Dashboard filter not persisting for saved view
TKT-00361,2026-03-05 09:47:53,Integrations/API,P1,DE,portal,Mid-Market,0,0,complex,77,15,2026-03-05 10:02:53,240,2026-03-05 13:47:53,integrations_api|de_language|api_specialist|incident_escalation|integration_specialist,SCIM deprovisioning request returns 403 for service account
TKT-00362,2026-03-05 09:50:01,Product Support,P4,EN,portal,SMB,0,0,standard,37,480,2026-03-06 09:51:00,2400,2026-03-12 09:51:00,product_support,Webhook retry settings not visible in admin interface
TKT-00363,2026-03-05 09:51:57,Account Access,P3,EN,email,SMB,0,0,simple,7,240,2026-03-05 13:51:57,960,2026-03-09 09:52:00,account_access,Session expires immediately after successful login
TKT-00364,2026-03-05 09:52:26,Account Access,P2,EN,email,SMB,0,0,simple,5,60,2026-03-05 10:52:26,480,2026-03-06 09:53:00,account_access,SSO login loops back to sign-in page
TKT-00365,2026-03-05 09:53:17,Account Access,P3,DE,email,Mid-Market,0,1,simple,7,240,2026-03-05 13:53:17,960,2026-03-09 09:54:00,account_access|de_language,MFA challenge not accepted for admin account
TKT-00366,2026-03-05 09:53:26,Product Support,P3,EN,portal,Mid-Market,0,0,simple,12,240,2026-03-05 13:53:26,960,2026-03-09 09:54:00,product_support,Search results differ between UI and exported report
TKT-00367,2026-03-05 09:58:12,Product Support,P2,EN,chat,Mid-Market,0,1,standard,28,60,2026-03-05 10:58:12,480,2026-03-06 09:59:00,product_support,Search results differ between UI and exported report
TKT-00368,2026-03-05 09:59:21,Billing,P2,EN,portal,SMB,0,0,standard,37,60,2026-03-05 10:59:21,480,2026-03-06 10:00:00,billing,Billing contact did not receive monthly invoice email
TKT-00369,2026-03-05 10:08:51,Account Access,P4,DE,email,SMB,0,0,standard,30,480,2026-03-06 10:09:00,2400,2026-03-12 10:09:00,account_access|de_language,Account locked after repeated login attempts
TKT-00370,2026-03-05 10:12:51,Account Access,P3,EN,portal,Mid-Market,0,0,simple,12,240,2026-03-05 14:12:51,960,2026-03-09 10:13:00,account_access,User cannot access workspace after password reset
TKT-00371,2026-03-05 10:16:21,Account Access,P3,EN,portal,SMB,0,1,simple,8,240,2026-03-05 14:16:21,960,2026-03-09 10:17:00,account_access,Account locked after repeated login attempts
TKT-00372,2026-03-05 10:18:38,Product Support,P4,EN,portal,Mid-Market,0,0,standard,28,480,2026-03-06 10:19:00,2400,2026-03-12 10:19:00,product_support,Bulk update operation stalled for large ticket batch
TKT-00373,2026-03-05 10:19:02,Product Support,P3,DE,portal,SMB,0,0,complex,59,240,2026-03-05 14:19:02,960,2026-03-09 10:20:00,product_support|de_language|product_specialist,Bulk update operation stalled for large ticket batch
TKT-00374,2026-03-05 10:31:57,Integrations/API,P3,EN,portal,SMB,0,0,complex,72,240,2026-03-05 14:31:57,960,2026-03-09 10:32:00,integrations_api|api_specialist|integration_specialist,GraphQL endpoint times out on nested customer query
TKT-00375,2026-03-05 10:32:21,Account Access,P3,EN,portal,SMB,0,0,simple,10,240,2026-03-05 14:32:21,960,2026-03-09 10:33:00,account_access,Role change not reflected after access approval
TKT-00376,2026-03-05 10:38:20,Integrations/API,P2,EN,email,Mid-Market,0,0,complex,120,60,2026-03-05 11:38:20,480,2026-03-06 10:39:00,integrations_api|api_specialist|integration_specialist,SSO assertion rejected after identity provider certificate update
TKT-00377,2026-03-05 10:39:28,Account Access,P3,DE,portal,Enterprise,0,0,standard,22,240,2026-03-05 14:39:28,960,2026-03-09 10:40:00,account_access|de_language|enterprise_handling,Role change not reflected after access approval
TKT-00378,2026-03-05 10:40:05,Billing,P3,EN,email,Mid-Market,0,0,simple,6,240,2026-03-05 14:40:05,960,2026-03-09 10:41:00,billing,Invoice shows duplicate line items after plan change
TKT-00379,2026-03-05 10:44:41,Integrations/API,P4,EN,portal,SMB,0,0,complex,66,480,2026-03-06 10:45:00,2400,2026-03-12 10:45:00,integrations_api|api_specialist|integration_specialist,SCIM deprovisioning request returns 403 for service account
TKT-00380,2026-03-05 10:51:09,Product Support,P2,EN,email,Mid-Market,0,0,standard,34,60,2026-03-05 11:51:09,480,2026-03-06 10:52:00,product_support,Workflow automation did not trigger after status update
TKT-00381,2026-03-05 10:51:47,Account Access,P3,EN,portal,SMB,0,0,complex,64,240,2026-03-05 14:51:47,960,2026-03-09 10:52:00,account_access,SSO login loops back to sign-in page
TKT-00382,2026-03-05 10:51:57,Integrations/API,P3,EN,email,SMB,0,0,complex,64,240,2026-03-05 14:51:57,960,2026-03-09 10:52:00,integrations_api|api_specialist|integration_specialist,REST API pagination skips records after cursor handoff
TKT-00383,2026-03-05 10:55:48,Integrations/API,P4,EN,portal,SMB,0,0,complex,110,480,2026-03-06 10:56:00,2400,2026-03-12 10:56:00,integrations_api|api_specialist|integration_specialist,SSO assertion rejected after identity provider certificate update
TKT-00384,2026-03-05 10:56:14,Product Support,P4,EN,email,Mid-Market,0,1,standard,26,480,2026-03-06 10:57:00,2400,2026-03-12 10:57:00,product_support,Workflow automation did not trigger after status update
TKT-00385,2026-03-05 10:58:21,Billing,P4,EN,portal,SMB,0,0,standard,24,480,2026-03-06 10:59:00,2400,2026-03-12 10:59:00,billing,Payment method update failed during renewal
TKT-00386,2026-03-05 11:10:20,Integrations/API,P3,EN,portal,SMB,0,0,complex,73,240,2026-03-05 15:10:20,960,2026-03-09 11:11:00,integrations_api|api_specialist|integration_specialist,SSO assertion rejected after identity provider certificate update
TKT-00387,2026-03-05 11:10:56,Billing,P3,DE,portal,SMB,0,1,standard,34,240,2026-03-05 15:10:56,960,2026-03-09 11:11:00,billing|de_language,Billing contact did not receive monthly invoice email
TKT-00388,2026-03-05 11:15:44,Integrations/API,P3,EN,portal,Mid-Market,0,0,standard,51,240,2026-03-05 15:15:44,960,2026-03-09 11:16:00,integrations_api|api_specialist,OAuth token refresh fails for production integration
TKT-00389,2026-03-05 11:15:51,Account Access,P4,DE,portal,SMB,0,0,simple,7,480,2026-03-06 11:16:00,2400,2026-03-12 11:16:00,account_access|de_language,New team member did not receive activation email
TKT-00390,2026-03-05 11:26:17,Account Access,P1,EN,portal,SMB,0,0,standard,22,15,2026-03-05 11:41:17,240,2026-03-05 15:26:17,account_access|incident_escalation,Account locked after repeated login attempts
TKT-00391,2026-03-05 11:28:33,Billing,P4,EN,email,SMB,0,1,simple,14,480,2026-03-06 11:29:00,2400,2026-03-12 11:29:00,billing,Tax calculation differs from contract expectations
TKT-00392,2026-03-05 11:31:50,Product Support,P3,EN,email,SMB,0,0,complex,78,240,2026-03-05 15:31:50,960,2026-03-09 11:32:00,product_support|product_specialist,Attachment preview fails for PDF uploaded from mobile app
TKT-00393,2026-03-05 11:35:33,Billing,P3,EN,email,SMB,0,0,complex,43,240,2026-03-05 15:35:33,960,2026-03-09 11:36:00,billing,Payment method update failed during renewal
TKT-00394,2026-03-05 11:40:06,Billing,P4,EN,portal,Enterprise,0,0,standard,22,480,2026-03-06 11:41:00,2400,2026-03-12 11:41:00,billing|enterprise_handling,Payment method update failed during renewal
TKT-00395,2026-03-05 11:44:49,Account Access,P2,EN,portal,SMB,0,0,standard,17,60,2026-03-05 12:44:49,480,2026-03-06 11:45:00,account_access,Session expires immediately after successful login
TKT-00396,2026-03-05 11:54:47,Integrations/API,P1,EN,portal,Enterprise,0,0,complex,125,15,2026-03-05 12:09:47,240,2026-03-05 15:54:47,integrations_api|enterprise_handling|api_specialist|incident_escalation|integration_specialist,API rate limit reached earlier than documented threshold
TKT-00397,2026-03-05 12:08:03,Integrations/API,P3,DE,portal,Enterprise,0,0,standard,58,240,2026-03-06 08:09:00,960,2026-03-09 12:09:00,integrations_api|de_language|enterprise_handling|api_specialist,Webhook signature validation differs from documentation example
TKT-00398,2026-03-05 12:14:23,Integrations/API,P3,EN,chat,Mid-Market,0,0,complex,81,240,2026-03-06 08:15:00,960,2026-03-09 12:15:00,integrations_api|api_specialist|integration_specialist,OAuth token refresh fails for production integration
TKT-00399,2026-03-05 12:22:00,Product Support,P3,DE,portal,Mid-Market,0,0,complex,78,240,2026-03-06 08:22:00,960,2026-03-09 12:22:00,product_support|de_language|product_specialist,Webhook retry settings not visible in admin interface
TKT-00400,2026-03-05 12:23:11,Account Access,P4,EN,email,Mid-Market,0,0,simple,5,480,2026-03-06 12:24:00,2400,2026-03-12 12:24:00,account_access,MFA challenge not accepted for admin account
TKT-00401,2026-03-05 12:25:56,Product Support,P2,EN,email,SMB,0,0,standard,46,60,2026-03-05 13:25:56,480,2026-03-06 12:26:00,product_support,Custom field values not visible in agent workspace
TKT-00402,2026-03-05 12:26:58,Integrations/API,P3,DE,portal,SMB,0,0,standard,39,240,2026-03-06 08:27:00,960,2026-03-09 12:27:00,integrations_api|de_language|api_specialist,GraphQL endpoint times out on nested customer query
TKT-00403,2026-03-05 12:28:11,Billing,P3,DE,email,SMB,0,0,complex,68,240,2026-03-06 08:29:00,960,2026-03-09 12:29:00,billing|de_language,Purchase order reference missing from latest invoice
TKT-00404,2026-03-05 12:35:20,Account Access,P4,EN,email,Mid-Market,0,0,standard,19,480,2026-03-06 12:36:00,2400,2026-03-12 12:36:00,account_access,Role change not reflected after access approval
TKT-00405,2026-03-05 12:40:48,Billing,P3,DE,portal,SMB,0,0,simple,6,240,2026-03-06 08:41:00,960,2026-03-09 12:41:00,billing|de_language,Credit note not applied to outstanding balance
TKT-00406,2026-03-05 12:42:25,Product Support,P4,EN,portal,SMB,0,0,simple,16,480,2026-03-06 12:43:00,2400,2026-03-12 12:43:00,product_support,Search results differ between UI and exported report
TKT-00407,2026-03-05 12:44:01,Product Support,P3,EN,email,Enterprise,0,0,simple,10,240,2026-03-06 08:45:00,960,2026-03-09 12:45:00,product_support|enterprise_handling,Exported CSV misses custom fields in final report
TKT-00408,2026-03-05 12:46:57,Billing,P4,DE,email,SMB,0,0,standard,33,480,2026-03-06 12:47:00,2400,2026-03-12 12:47:00,billing|de_language,Subscription cancellation not reflected in billing portal
TKT-00409,2026-03-05 12:47:57,Account Access,P3,DE,portal,Enterprise,0,0,simple,9,240,2026-03-06 08:48:00,960,2026-03-09 12:48:00,account_access|de_language|enterprise_handling,Account locked after repeated login attempts
TKT-00410,2026-03-05 12:50:02,Integrations/API,P2,DE,portal,Mid-Market,0,1,complex,72,60,2026-03-05 13:50:02,480,2026-03-06 12:51:00,integrations_api|de_language|api_specialist|integration_specialist,GraphQL endpoint times out on nested customer query
TKT-00411,2026-03-05 12:50:11,Product Support,P3,EN,portal,SMB,0,0,complex,53,240,2026-03-06 08:51:00,960,2026-03-09 12:51:00,product_support|product_specialist,Search results differ between UI and exported report
TKT-00412,2026-03-05 12:52:13,Billing,P4,EN,portal,SMB,0,0,standard,23,480,2026-03-06 12:53:00,2400,2026-03-12 12:53:00,billing,Billing contact did not receive monthly invoice email
TKT-00413,2026-03-05 12:54:13,Billing,P4,EN,email,Mid-Market,0,0,simple,14,480,2026-03-06 12:55:00,2400,2026-03-12 12:55:00,billing,Currency setting changed but invoice still generated in USD
TKT-00414,2026-03-05 12:54:42,Billing,P3,EN,portal,SMB,0,0,complex,50,240,2026-03-06 08:55:00,960,2026-03-09 12:55:00,billing,Upgrade request created prorated amount mismatch
TKT-00415,2026-03-05 13:01:56,Account Access,P4,EN,email,Mid-Market,0,0,complex,69,480,2026-03-06 13:02:00,2400,2026-03-12 13:02:00,account_access,SCIM-provisioned user missing expected product access
TKT-00416,2026-03-05 13:13:54,Product Support,P1,DE,portal,Enterprise,1,0,standard,43,15,2026-03-05 13:28:54,240,2026-03-06 09:14:00,product_support|de_language|enterprise_handling|incident_escalation,Exported CSV misses custom fields in final report
TKT-00417,2026-03-05 13:14:10,Product Support,P3,DE,email,Mid-Market,0,0,simple,11,240,2026-03-06 09:15:00,960,2026-03-09 13:15:00,product_support|de_language,Bulk update operation stalled for large ticket batch
TKT-00418,2026-03-05 13:24:32,Account Access,P4,EN,email,SMB,0,0,simple,6,480,2026-03-06 13:25:00,2400,2026-03-12 13:25:00,account_access,MFA challenge not accepted for admin account
TKT-00419,2026-03-05 13:28:54,Account Access,P3,EN,portal,SMB,0,1,standard,30,240,2026-03-06 09:29:00,960,2026-03-09 13:29:00,account_access,MFA challenge not accepted for admin account
TKT-00420,2026-03-05 14:38:44,Integrations/API,P2,EN,portal,SMB,0,0,complex,102,60,2026-03-05 15:38:44,480,2026-03-06 14:39:00,integrations_api|api_specialist|integration_specialist,SSO assertion rejected after identity provider certificate update
TKT-00421,2026-03-06 08:09:12,Account Access,P4,EN,portal,SMB,0,0,standard,21,480,2026-03-09 08:10:00,2400,2026-03-13 08:10:00,account_access,Group-based permissions not syncing from identity provider
TKT-00422,2026-03-06 08:17:45,Integrations/API,P2,EN,email,SMB,0,0,complex,69,60,2026-03-06 09:17:45,480,2026-03-09 08:18:00,integrations_api|api_specialist|integration_specialist,GraphQL endpoint times out on nested customer query
TKT-00423,2026-03-06 08:31:02,Account Access,P4,EN,email,SMB,0,0,standard,19,480,2026-03-09 08:32:00,2400,2026-03-13 08:32:00,account_access,User cannot access workspace after password reset
TKT-00424,2026-03-06 08:39:06,Account Access,P3,DE,email,SMB,0,0,simple,5,240,2026-03-06 12:39:06,960,2026-03-10 08:40:00,account_access|de_language,Group-based permissions not syncing from identity provider
TKT-00425,2026-03-06 08:44:10,Integrations/API,P3,EN,email,Mid-Market,0,0,standard,31,240,2026-03-06 12:44:10,960,2026-03-10 08:45:00,integrations_api|api_specialist,Webhook signature validation differs from documentation example
TKT-00426,2026-03-06 08:54:38,Billing,P2,EN,portal,Enterprise,0,0,complex,68,60,2026-03-06 09:54:38,480,2026-03-09 08:55:00,billing|enterprise_handling,Upgrade request created prorated amount mismatch
TKT-00427,2026-03-06 08:59:03,Account Access,P4,EN,portal,SMB,0,0,simple,9,480,2026-03-09 09:00:00,2400,2026-03-13 09:00:00,account_access,Account locked after repeated login attempts
TKT-00428,2026-03-06 09:10:16,Product Support,P2,EN,chat,Enterprise,0,0,standard,33,60,2026-03-06 10:10:16,480,2026-03-09 09:11:00,product_support|enterprise_handling,Attachment preview fails for PDF uploaded from mobile app
TKT-00429,2026-03-06 09:17:41,Product Support,P3,EN,portal,Mid-Market,0,0,standard,30,240,2026-03-06 13:17:41,960,2026-03-10 09:18:00,product_support,Notification rule sent duplicate emails to requester
TKT-00430,2026-03-06 09:35:20,Product Support,P3,EN,portal,Enterprise,0,0,complex,83,240,2026-03-06 13:35:20,960,2026-03-10 09:36:00,product_support|enterprise_handling|product_specialist,Custom field values not visible in agent workspace
TKT-00431,2026-03-06 09:37:53,Account Access,P4,EN,portal,Mid-Market,0,0,standard,24,480,2026-03-09 09:38:00,2400,2026-03-13 09:38:00,account_access,Role change not reflected after access approval
TKT-00432,2026-03-06 09:40:07,Product Support,P2,EN,portal,SMB,0,1,standard,29,60,2026-03-06 10:40:07,480,2026-03-09 09:41:00,product_support,Attachment preview fails for PDF uploaded from mobile app
TKT-00433,2026-03-06 09:40:21,Product Support,P3,EN,portal,SMB,0,0,simple,20,240,2026-03-06 13:40:21,960,2026-03-10 09:41:00,product_support,Attachment preview fails for PDF uploaded from mobile app
TKT-00434,2026-03-06 09:44:08,Account Access,P3,EN,portal,SMB,0,0,standard,29,240,2026-03-06 13:44:08,960,2026-03-10 09:45:00,account_access,Account locked after repeated login attempts
TKT-00435,2026-03-06 09:46:16,Product Support,P3,EN,chat,Enterprise,1,0,standard,29,240,2026-03-06 13:46:16,960,2026-03-10 09:47:00,product_support|enterprise_handling,Notification rule sent duplicate emails to requester
TKT-00436,2026-03-06 09:48:01,Product Support,P3,EN,portal,SMB,0,0,complex,88,240,2026-03-06 13:48:01,960,2026-03-10 09:49:00,product_support|product_specialist,Attachment preview fails for PDF uploaded from mobile app
TKT-00437,2026-03-06 09:49:28,Billing,P4,DE,email,Mid-Market,0,0,standard,20,480,2026-03-09 09:50:00,2400,2026-03-13 09:50:00,billing|de_language,Payment method update failed during renewal
TKT-00438,2026-03-06 09:54:31,Account Access,P1,EN,email,Mid-Market,0,0,standard,22,15,2026-03-06 10:09:31,240,2026-03-06 13:54:31,account_access|incident_escalation,Role change not reflected after access approval
TKT-00439,2026-03-06 09:56:01,Product Support,P3,EN,email,SMB,0,0,standard,25,240,2026-03-06 13:56:01,960,2026-03-10 09:57:00,product_support,Workflow automation did not trigger after status update
TKT-00440,2026-03-06 09:57:13,Account Access,P3,EN,email,Enterprise,0,0,simple,11,240,2026-03-06 13:57:13,960,2026-03-10 09:58:00,account_access|enterprise_handling,User cannot access workspace after password reset
TKT-00441,2026-03-06 09:59:55,Billing,P3,EN,email,SMB,0,0,standard,35,240,2026-03-06 13:59:55,960,2026-03-10 10:00:00,billing,Purchase order reference missing from latest invoice
TKT-00442,2026-03-06 10:02:37,Account Access,P4,EN,portal,Mid-Market,0,0,standard,22,480,2026-03-09 10:03:00,2400,2026-03-13 10:03:00,account_access,User cannot access workspace after password reset
TKT-00443,2026-03-06 10:05:07,Product Support,P3,EN,portal,SMB,0,0,standard,40,240,2026-03-06 14:05:07,960,2026-03-10 10:06:00,product_support,Kanban board shows outdated ticket counts after refresh
TKT-00444,2026-03-06 10:10:47,Integrations/API,P2,EN,email,SMB,0,0,standard,39,60,2026-03-06 11:10:47,480,2026-03-09 10:11:00,integrations_api|api_specialist,CRM integration stopped syncing ticket comments overnight
TKT-00445,2026-03-06 10:18:36,Account Access,P4,DE,portal,Mid-Market,0,0,simple,9,480,2026-03-09 10:19:00,2400,2026-03-13 10:19:00,account_access|de_language,Permission update not reflected in project dashboard
TKT-00446,2026-03-06 10:21:03,Integrations/API,P4,DE,email,Mid-Market,0,0,complex,99,480,2026-03-09 10:22:00,2400,2026-03-13 10:22:00,integrations_api|de_language|api_specialist|integration_specialist,SSO assertion rejected after identity provider certificate update
TKT-00447,2026-03-06 10:21:30,Billing,P3,EN,email,SMB,0,0,simple,12,240,2026-03-06 14:21:30,960,2026-03-10 10:22:00,billing,Seat reduction request still billed at previous volume
TKT-00448,2026-03-06 10:26:05,Billing,P3,EN,portal,SMB,0,0,simple,14,240,2026-03-06 14:26:05,960,2026-03-10 10:27:00,billing,Invoice shows duplicate line items after plan change
TKT-00449,2026-03-06 10:26:25,Product Support,P3,EN,portal,SMB,0,0,complex,72,240,2026-03-06 14:26:25,960,2026-03-10 10:27:00,product_support|product_specialist,Dashboard filter not persisting for saved view
TKT-00450,2026-03-06 10:27:28,Product Support,P2,EN,email,Enterprise,0,0,simple,18,60,2026-03-06 11:27:28,480,2026-03-09 10:28:00,product_support|enterprise_handling,Attachment preview fails for PDF uploaded from mobile app
TKT-00451,2026-03-06 10:29:25,Integrations/API,P4,EN,chat,Mid-Market,0,0,standard,47,480,2026-03-09 10:30:00,2400,2026-03-13 10:30:00,integrations_api|api_specialist,Webhook delivery returns intermittent 502 responses
TKT-00452,2026-03-06 10:35:02,Product Support,P3,EN,portal,SMB,0,0,standard,41,240,2026-03-06 14:35:02,960,2026-03-10 10:36:00,product_support,Attachment preview fails for PDF uploaded from mobile app
TKT-00453,2026-03-06 10:35:03,Product Support,P4,EN,email,SMB,0,0,standard,38,480,2026-03-09 10:36:00,2400,2026-03-13 10:36:00,product_support,Dashboard filter not persisting for saved view
TKT-00454,2026-03-06 10:39:06,Billing,P3,DE,portal,SMB,0,0,standard,29,240,2026-03-06 14:39:06,960,2026-03-10 10:40:00,billing|de_language,Subscription cancellation not reflected in billing portal
TKT-00455,2026-03-06 10:40:19,Account Access,P3,EN,portal,SMB,0,0,simple,12,240,2026-03-06 14:40:19,960,2026-03-10 10:41:00,account_access,SCIM-provisioned user missing expected product access
TKT-00456,2026-03-06 10:40:57,Product Support,P4,EN,portal,SMB,0,1,complex,55,480,2026-03-09 10:41:00,2400,2026-03-13 10:41:00,product_support|product_specialist,Webhook retry settings not visible in admin interface
TKT-00457,2026-03-06 10:44:53,Billing,P4,DE,portal,SMB,0,0,standard,19,480,2026-03-09 10:45:00,2400,2026-03-13 10:45:00,billing|de_language,Billing contact did not receive monthly invoice email
TKT-00458,2026-03-06 10:53:47,Integrations/API,P3,EN,email,Mid-Market,0,0,standard,41,240,2026-03-06 14:53:47,960,2026-03-10 10:54:00,integrations_api|api_specialist,Webhook delivery returns intermittent 502 responses
TKT-00459,2026-03-06 10:58:02,Integrations/API,P3,DE,email,SMB,0,0,complex,99,240,2026-03-06 14:58:02,960,2026-03-10 10:59:00,integrations_api|de_language|api_specialist|integration_specialist,ERP connector creates duplicate records on retry
TKT-00460,2026-03-06 11:00:26,Product Support,P2,EN,email,Mid-Market,0,0,standard,27,60,2026-03-06 12:00:26,480,2026-03-09 11:01:00,product_support,Custom field values not visible in agent workspace
TKT-00461,2026-03-06 11:04:15,Billing,P3,EN,email,SMB,0,0,simple,14,240,2026-03-06 15:04:15,960,2026-03-10 11:05:00,billing,Purchase order reference missing from latest invoice
TKT-00462,2026-03-06 11:06:09,Product Support,P3,EN,portal,SMB,0,0,standard,34,240,2026-03-06 15:06:09,960,2026-03-10 11:07:00,product_support,Notification rule sent duplicate emails to requester
TKT-00463,2026-03-06 11:13:26,Integrations/API,P3,EN,portal,SMB,0,0,simple,25,240,2026-03-06 15:13:26,960,2026-03-10 11:14:00,integrations_api|api_specialist,OAuth token refresh fails for production integration
TKT-00464,2026-03-06 11:15:30,Product Support,P4,EN,portal,SMB,0,0,standard,45,480,2026-03-09 11:16:00,2400,2026-03-13 11:16:00,product_support,Custom field values not visible in agent workspace
TKT-00465,2026-03-06 11:18:13,Integrations/API,P3,EN,portal,Mid-Market,0,0,standard,42,240,2026-03-06 15:18:13,960,2026-03-10 11:19:00,integrations_api|api_specialist,CRM integration stopped syncing ticket comments overnight
TKT-00466,2026-03-06 11:18:49,Product Support,P3,EN,portal,SMB,0,0,simple,16,240,2026-03-06 15:18:49,960,2026-03-10 11:19:00,product_support,Notification rule sent duplicate emails to requester
TKT-00467,2026-03-06 11:20:47,Account Access,P3,EN,email,SMB,0,0,standard,27,240,2026-03-06 15:20:47,960,2026-03-10 11:21:00,account_access,New team member did not receive activation email
TKT-00468,2026-03-06 11:24:36,Product Support,P3,EN,chat,Mid-Market,0,0,standard,30,240,2026-03-06 15:24:36,960,2026-03-10 11:25:00,product_support,Exported CSV misses custom fields in final report
TKT-00469,2026-03-06 11:26:53,Product Support,P3,EN,portal,Enterprise,0,0,standard,26,240,2026-03-06 15:26:53,960,2026-03-10 11:27:00,product_support|enterprise_handling,Exported CSV misses custom fields in final report
TKT-00470,2026-03-06 11:28:26,Integrations/API,P2,EN,chat,Mid-Market,0,0,complex,65,60,2026-03-06 12:28:26,480,2026-03-09 11:29:00,integrations_api|api_specialist|integration_specialist,CRM integration stopped syncing ticket comments overnight
TKT-00471,2026-03-06 11:29:46,Account Access,P4,EN,chat,SMB,0,0,simple,11,480,2026-03-09 11:30:00,2400,2026-03-13 11:30:00,account_access,User cannot access workspace after password reset
TKT-00472,2026-03-06 11:30:15,Integrations/API,P1,EN,portal,SMB,0,0,complex,74,15,2026-03-06 11:45:15,240,2026-03-06 15:30:15,integrations_api|api_specialist|incident_escalation|integration_specialist,Webhook delivery returns intermittent 502 responses
TKT-00473,2026-03-06 11:30:59,Product Support,P3,EN,email,Enterprise,0,0,standard,29,240,2026-03-06 15:30:59,960,2026-03-10 11:31:00,product_support|enterprise_handling,Custom field values not visible in agent workspace
TKT-00474,2026-03-06 11:40:41,Product Support,P2,DE,email,SMB,0,0,standard,46,60,2026-03-06 12:40:41,480,2026-03-09 11:41:00,product_support|de_language,Notification rule sent duplicate emails to requester
TKT-00475,2026-03-06 11:40:43,Billing,P3,DE,portal,SMB,0,0,simple,7,240,2026-03-06 15:40:43,960,2026-03-10 11:41:00,billing|de_language,Payment method update failed during renewal
TKT-00476,2026-03-06 11:41:46,Product Support,P2,EN,email,Mid-Market,0,0,standard,33,60,2026-03-06 12:41:46,480,2026-03-09 11:42:00,product_support,Kanban board shows outdated ticket counts after refresh
TKT-00477,2026-03-06 11:44:16,Product Support,P3,EN,chat,Mid-Market,0,0,simple,20,240,2026-03-06 15:44:16,960,2026-03-10 11:45:00,product_support,Custom field values not visible in agent workspace
TKT-00478,2026-03-06 11:47:33,Account Access,P4,EN,email,SMB,0,0,simple,10,480,2026-03-09 11:48:00,2400,2026-03-13 11:48:00,account_access,Permission update not reflected in project dashboard
TKT-00479,2026-03-06 11:48:29,Product Support,P1,EN,chat,SMB,0,0,standard,43,15,2026-03-06 12:03:29,240,2026-03-06 15:48:29,product_support|incident_escalation,Search results differ between UI and exported report
TKT-00480,2026-03-06 11:48:54,Account Access,P4,DE,email,SMB,0,0,simple,11,480,2026-03-09 11:49:00,2400,2026-03-13 11:49:00,account_access|de_language,SSO login loops back to sign-in page
TKT-00481,2026-03-06 11:55:07,Account Access,P2,DE,portal,Mid-Market,0,0,simple,10,60,2026-03-06 12:55:07,480,2026-03-09 11:56:00,account_access|de_language,New team member did not receive activation email
TKT-00482,2026-03-06 11:56:01,Billing,P3,DE,portal,SMB,0,0,standard,34,240,2026-03-06 15:56:01,960,2026-03-10 11:57:00,billing|de_language,Credit note not applied to outstanding balance
TKT-00483,2026-03-06 11:58:06,Integrations/API,P1,EN,portal,Mid-Market,0,1,complex,136,15,2026-03-06 12:13:06,240,2026-03-06 15:58:06,integrations_api|api_specialist|incident_escalation|integration_specialist,Webhook delivery returns intermittent 502 responses
TKT-00484,2026-03-06 11:58:36,Billing,P4,DE,email,SMB,0,0,simple,12,480,2026-03-09 11:59:00,2400,2026-03-13 11:59:00,billing|de_language,Seat reduction request still billed at previous volume
TKT-00485,2026-03-06 11:59:41,Account Access,P4,EN,portal,Enterprise,0,0,standard,28,480,2026-03-09 12:00:00,2400,2026-03-13 12:00:00,account_access|enterprise_handling,SCIM-provisioned user missing expected product access
TKT-00486,2026-03-06 12:04:40,Product Support,P4,EN,portal,Mid-Market,0,0,simple,17,480,2026-03-09 12:05:00,2400,2026-03-13 12:05:00,product_support,Search results differ between UI and exported report
TKT-00487,2026-03-06 12:13:15,Product Support,P3,DE,portal,SMB,0,0,standard,26,240,2026-03-09 08:14:00,960,2026-03-10 12:14:00,product_support|de_language,Exported CSV misses custom fields in final report
TKT-00488,2026-03-06 12:13:23,Product Support,P2,EN,portal,SMB,0,0,standard,35,60,2026-03-06 13:13:23,480,2026-03-09 12:14:00,product_support,Notification rule sent duplicate emails to requester
TKT-00489,2026-03-06 12:14:41,Account Access,P4,EN,email,Enterprise,0,0,standard,23,480,2026-03-09 12:15:00,2400,2026-03-13 12:15:00,account_access|enterprise_handling,Role change not reflected after access approval
TKT-00490,2026-03-06 12:29:11,Product Support,P2,EN,portal,Enterprise,0,0,complex,92,60,2026-03-06 13:29:11,480,2026-03-09 12:30:00,product_support|enterprise_handling|product_specialist,Attachment preview fails for PDF uploaded from mobile app
TKT-00491,2026-03-06 12:33:23,Account Access,P3,EN,portal,Mid-Market,0,0,simple,6,240,2026-03-09 08:34:00,960,2026-03-10 12:34:00,account_access,MFA challenge not accepted for admin account
TKT-00492,2026-03-06 12:33:34,Product Support,P4,DE,email,SMB,0,0,standard,44,480,2026-03-09 12:34:00,2400,2026-03-13 12:34:00,product_support|de_language,Webhook retry settings not visible in admin interface
TKT-00493,2026-03-06 12:34:29,Billing,P2,DE,email,Enterprise,1,0,simple,6,60,2026-03-06 13:34:29,480,2026-03-09 12:35:00,billing|de_language|enterprise_handling,Purchase order reference missing from latest invoice
TKT-00494,2026-03-06 12:34:42,Product Support,P4,EN,portal,Mid-Market,0,0,standard,40,480,2026-03-09 12:35:00,2400,2026-03-13 12:35:00,product_support,Webhook retry settings not visible in admin interface
TKT-00495,2026-03-06 12:41:28,Account Access,P4,EN,email,Mid-Market,0,1,standard,18,480,2026-03-09 12:42:00,2400,2026-03-13 12:42:00,account_access,New team member did not receive activation email
TKT-00496,2026-03-06 12:50:16,Product Support,P3,EN,email,Mid-Market,0,0,standard,27,240,2026-03-09 08:51:00,960,2026-03-10 12:51:00,product_support,Kanban board shows outdated ticket counts after refresh
TKT-00497,2026-03-06 12:51:58,Account Access,P3,EN,portal,Mid-Market,0,0,standard,21,240,2026-03-09 08:52:00,960,2026-03-10 12:52:00,account_access,User cannot access workspace after password reset
TKT-00498,2026-03-06 12:58:06,Integrations/API,P3,EN,portal,SMB,0,0,complex,101,240,2026-03-09 08:59:00,960,2026-03-10 12:59:00,integrations_api|api_specialist|integration_specialist,Webhook delivery returns intermittent 502 responses
TKT-00499,2026-03-06 13:01:39,Integrations/API,P3,EN,email,SMB,0,0,standard,46,240,2026-03-09 09:02:00,960,2026-03-10 13:02:00,integrations_api|api_specialist,Webhook delivery returns intermittent 502 responses
TKT-00500,2026-03-06 13:04:33,Integrations/API,P1,EN,portal,SMB,0,0,standard,37,15,2026-03-06 13:19:33,240,2026-03-09 09:05:00,integrations_api|api_specialist|incident_escalation,ERP connector creates duplicate records on retry
TKT-00501,2026-03-06 13:13:23,Product Support,P4,DE,portal,Mid-Market,0,0,simple,15,480,2026-03-09 13:14:00,2400,2026-03-13 13:14:00,product_support|de_language,Search results differ between UI and exported report
TKT-00502,2026-03-06 13:16:31,Account Access,P4,EN,portal,SMB,0,1,complex,51,480,2026-03-09 13:17:00,2400,2026-03-13 13:17:00,account_access,Role change not reflected after access approval
TKT-00503,2026-03-06 13:32:05,Account Access,P4,EN,portal,SMB,0,0,complex,73,480,2026-03-09 13:33:00,2400,2026-03-13 13:33:00,account_access,Group-based permissions not syncing from identity provider
TKT-00504,2026-03-06 13:34:44,Product Support,P4,EN,portal,SMB,0,0,standard,27,480,2026-03-09 13:35:00,2400,2026-03-13 13:35:00,product_support,Exported CSV misses custom fields in final report
TKT-00505,2026-03-06 13:49:41,Account Access,P2,DE,portal,Mid-Market,0,0,simple,5,60,2026-03-06 14:49:41,480,2026-03-09 13:50:00,account_access|de_language,New team member did not receive activation email
TKT-00506,2026-03-06 14:06:39,Integrations/API,P3,EN,email,SMB,0,0,complex,89,240,2026-03-09 10:07:00,960,2026-03-10 14:07:00,integrations_api|api_specialist|integration_specialist,REST API pagination skips records after cursor handoff
TKT-00507,2026-03-06 14:10:56,Product Support,P3,EN,email,SMB,0,0,simple,18,240,2026-03-09 10:11:00,960,2026-03-10 14:11:00,product_support,Webhook retry settings not visible in admin interface
TKT-00508,2026-03-06 14:14:22,Product Support,P4,EN,portal,Mid-Market,0,0,complex,58,480,2026-03-09 14:15:00,2400,2026-03-13 14:15:00,product_support|product_specialist,Custom field values not visible in agent workspace
TKT-00509,2026-03-06 14:43:49,Billing,P4,EN,email,SMB,0,0,simple,10,480,2026-03-09 14:44:00,2400,2026-03-13 14:44:00,billing,Currency setting changed but invoice still generated in USD
TKT-00510,2026-03-06 15:07:01,Product Support,P4,DE,email,SMB,0,0,simple,14,480,2026-03-09 15:08:00,2400,2026-03-13 15:08:00,product_support|de_language,Kanban board shows outdated ticket counts after refresh
TKT-00511,2026-03-06 15:21:29,Billing,P2,EN,portal,Mid-Market,0,0,standard,37,60,2026-03-09 08:22:00,480,2026-03-09 15:22:00,billing,Invoice shows duplicate line items after plan change
TKT-00512,2026-03-09 08:02:18,Product Support,P1,EN,portal,Enterprise,0,0,standard,29,15,2026-03-09 08:17:18,240,2026-03-09 12:02:18,product_support|enterprise_handling|incident_escalation,Notification rule sent duplicate emails to requester
TKT-00513,2026-03-09 08:08:06,Product Support,P3,DE,email,Enterprise,0,0,standard,35,240,2026-03-09 12:08:06,960,2026-03-11 08:09:00,product_support|de_language|enterprise_handling,Webhook retry settings not visible in admin interface
TKT-00514,2026-03-09 08:11:12,Product Support,P3,DE,email,SMB,0,1,standard,28,240,2026-03-09 12:11:12,960,2026-03-11 08:12:00,product_support|de_language,Dashboard filter not persisting for saved view
TKT-00515,2026-03-09 08:23:11,Product Support,P4,EN,email,Enterprise,1,0,standard,34,480,2026-03-10 08:24:00,2400,2026-03-16 08:24:00,product_support|enterprise_handling,Webhook retry settings not visible in admin interface
TKT-00516,2026-03-09 08:27:52,Product Support,P1,EN,email,SMB,0,0,complex,80,15,2026-03-09 08:42:52,240,2026-03-09 12:27:52,product_support|incident_escalation|product_specialist,Dashboard filter not persisting for saved view
TKT-00517,2026-03-09 08:29:32,Product Support,P2,DE,chat,Mid-Market,0,0,standard,46,60,2026-03-09 09:29:32,480,2026-03-10 08:30:00,product_support|de_language,Workflow automation did not trigger after status update
TKT-00518,2026-03-09 08:35:51,Billing,P4,DE,chat,SMB,0,0,simple,12,480,2026-03-10 08:36:00,2400,2026-03-16 08:36:00,billing|de_language,Purchase order reference missing from latest invoice
TKT-00519,2026-03-09 08:43:57,Product Support,P1,EN,email,Enterprise,0,0,standard,31,15,2026-03-09 08:58:57,240,2026-03-09 12:43:57,product_support|enterprise_handling|incident_escalation,Search results differ between UI and exported report
TKT-00520,2026-03-09 08:55:35,Integrations/API,P4,DE,chat,SMB,0,0,standard,47,480,2026-03-10 08:56:00,2400,2026-03-16 08:56:00,integrations_api|de_language|api_specialist,SSO assertion rejected after identity provider certificate update
TKT-00521,2026-03-09 09:02:18,Billing,P4,EN,chat,Mid-Market,0,0,simple,11,480,2026-03-10 09:03:00,2400,2026-03-16 09:03:00,billing,Credit note not applied to outstanding balance
TKT-00522,2026-03-09 09:06:52,Product Support,P2,EN,portal,SMB,0,0,simple,19,60,2026-03-09 10:06:52,480,2026-03-10 09:07:00,product_support,Attachment preview fails for PDF uploaded from mobile app
TKT-00523,2026-03-09 09:15:34,Account Access,P3,EN,email,Enterprise,0,0,simple,11,240,2026-03-09 13:15:34,960,2026-03-11 09:16:00,account_access|enterprise_handling,SCIM-provisioned user missing expected product access
TKT-00524,2026-03-09 09:16:42,Integrations/API,P2,EN,portal,SMB,0,0,standard,50,60,2026-03-09 10:16:42,480,2026-03-10 09:17:00,integrations_api|api_specialist,SSO assertion rejected after identity provider certificate update
TKT-00525,2026-03-09 09:17:10,Product Support,P1,EN,portal,Enterprise,0,0,simple,21,15,2026-03-09 09:32:10,240,2026-03-09 13:17:10,product_support|enterprise_handling|incident_escalation,Bulk update operation stalled for large ticket batch
TKT-00526,2026-03-09 09:22:13,Integrations/API,P4,DE,portal,SMB,0,0,standard,49,480,2026-03-10 09:23:00,2400,2026-03-16 09:23:00,integrations_api|de_language|api_specialist,ERP connector creates duplicate records on retry
TKT-00527,2026-03-09 09:23:27,Account Access,P4,EN,portal,SMB,0,0,standard,30,480,2026-03-10 09:24:00,2400,2026-03-16 09:24:00,account_access,Account locked after repeated login attempts
TKT-00528,2026-03-09 09:27:46,Account Access,P3,EN,email,Enterprise,0,1,standard,18,240,2026-03-09 13:27:46,960,2026-03-11 09:28:00,account_access|enterprise_handling,New team member did not receive activation email
TKT-00529,2026-03-09 09:28:34,Integrations/API,P3,EN,portal,Mid-Market,0,0,standard,55,240,2026-03-09 13:28:34,960,2026-03-11 09:29:00,integrations_api|api_specialist,GraphQL endpoint times out on nested customer query
TKT-00530,2026-03-09 09:31:38,Account Access,P4,EN,email,Enterprise,0,0,standard,30,480,2026-03-10 09:32:00,2400,2026-03-16 09:32:00,account_access|enterprise_handling,Permission update not reflected in project dashboard
TKT-00531,2026-03-09 09:32:04,Billing,P3,DE,chat,SMB,0,1,standard,33,240,2026-03-09 13:32:04,960,2026-03-11 09:33:00,billing|de_language,Tax calculation differs from contract expectations
TKT-00532,2026-03-09 09:35:25,Product Support,P2,EN,portal,SMB,0,0,complex,79,60,2026-03-09 10:35:25,480,2026-03-10 09:36:00,product_support|product_specialist,Workflow automation did not trigger after status update
TKT-00533,2026-03-09 09:37:34,Account Access,P4,EN,email,Mid-Market,0,0,simple,7,480,2026-03-10 09:38:00,2400,2026-03-16 09:38:00,account_access,Group-based permissions not syncing from identity provider
TKT-00534,2026-03-09 09:37:43,Account Access,P4,EN,portal,SMB,0,0,standard,15,480,2026-03-10 09:38:00,2400,2026-03-16 09:38:00,account_access,Session expires immediately after successful login
TKT-00535,2026-03-09 09:41:54,Product Support,P3,EN,email,Enterprise,1,0,complex,56,240,2026-03-09 13:41:54,960,2026-03-11 09:42:00,product_support|enterprise_handling|product_specialist,Workflow automation did not trigger after status update
TKT-00536,2026-03-09 09:47:53,Billing,P3,EN,chat,SMB,0,0,standard,22,240,2026-03-09 13:47:53,960,2026-03-11 09:48:00,billing,Credit note not applied to outstanding balance
TKT-00537,2026-03-09 09:49:35,Billing,P3,EN,portal,SMB,0,0,standard,20,240,2026-03-09 13:49:35,960,2026-03-11 09:50:00,billing,Seat reduction request still billed at previous volume
TKT-00538,2026-03-09 09:51:51,Integrations/API,P2,EN,portal,Mid-Market,0,0,standard,47,60,2026-03-09 10:51:51,480,2026-03-10 09:52:00,integrations_api|api_specialist,CRM integration stopped syncing ticket comments overnight
TKT-00539,2026-03-09 09:52:40,Account Access,P2,EN,chat,SMB,0,0,standard,28,60,2026-03-09 10:52:40,480,2026-03-10 09:53:00,account_access,Account locked after repeated login attempts
TKT-00540,2026-03-09 09:53:21,Integrations/API,P3,EN,portal,SMB,0,0,complex,94,240,2026-03-09 13:53:21,960,2026-03-11 09:54:00,integrations_api|api_specialist|integration_specialist,API rate limit reached earlier than documented threshold
TKT-00541,2026-03-09 09:53:29,Product Support,P3,EN,portal,Mid-Market,0,0,simple,19,240,2026-03-09 13:53:29,960,2026-03-11 09:54:00,product_support,Custom field values not visible in agent workspace
TKT-00542,2026-03-09 09:53:56,Product Support,P4,DE,portal,Mid-Market,0,0,simple,19,480,2026-03-10 09:54:00,2400,2026-03-16 09:54:00,product_support|de_language,Exported CSV misses custom fields in final report
TKT-00543,2026-03-09 09:57:53,Account Access,P4,EN,portal,SMB,0,0,simple,9,480,2026-03-10 09:58:00,2400,2026-03-16 09:58:00,account_access,User cannot access workspace after password reset
TKT-00544,2026-03-09 09:58:29,Account Access,P3,EN,portal,Enterprise,1,0,simple,5,240,2026-03-09 13:58:29,960,2026-03-11 09:59:00,account_access|enterprise_handling,SCIM-provisioned user missing expected product access
TKT-00545,2026-03-09 10:00:04,Integrations/API,P2,EN,portal,SMB,0,0,complex,86,60,2026-03-09 11:00:04,480,2026-03-10 10:01:00,integrations_api|api_specialist|integration_specialist,ERP connector creates duplicate records on retry
TKT-00546,2026-03-09 10:01:18,Product Support,P2,EN,portal,Mid-Market,0,0,standard,33,60,2026-03-09 11:01:18,480,2026-03-10 10:02:00,product_support,Exported CSV misses custom fields in final report
TKT-00547,2026-03-09 10:02:53,Product Support,P2,EN,portal,SMB,0,0,standard,39,60,2026-03-09 11:02:53,480,2026-03-10 10:03:00,product_support,Exported CSV misses custom fields in final report
TKT-00548,2026-03-09 10:04:06,Product Support,P3,EN,portal,SMB,0,0,simple,21,240,2026-03-09 14:04:06,960,2026-03-11 10:05:00,product_support,Search results differ between UI and exported report
TKT-00549,2026-03-09 10:05:39,Integrations/API,P4,EN,portal,SMB,0,0,complex,86,480,2026-03-10 10:06:00,2400,2026-03-16 10:06:00,integrations_api|api_specialist|integration_specialist,API rate limit reached earlier than documented threshold
TKT-00550,2026-03-09 10:09:19,Billing,P3,DE,portal,Enterprise,0,0,standard,31,240,2026-03-09 14:09:19,960,2026-03-11 10:10:00,billing|de_language|enterprise_handling,Upgrade request created prorated amount mismatch
TKT-00551,2026-03-09 10:19:23,Billing,P4,EN,chat,Mid-Market,0,0,simple,7,480,2026-03-10 10:20:00,2400,2026-03-16 10:20:00,billing,Credit note not applied to outstanding balance
TKT-00552,2026-03-09 10:19:34,Integrations/API,P3,EN,chat,Mid-Market,0,0,complex,97,240,2026-03-09 14:19:34,960,2026-03-11 10:20:00,integrations_api|api_specialist|integration_specialist,SCIM deprovisioning request returns 403 for service account
TKT-00553,2026-03-09 10:21:49,Account Access,P2,EN,email,SMB,0,0,simple,10,60,2026-03-09 11:21:49,480,2026-03-10 10:22:00,account_access,Permission update not reflected in project dashboard
TKT-00554,2026-03-09 10:24:38,Account Access,P4,DE,email,Mid-Market,0,0,simple,7,480,2026-03-10 10:25:00,2400,2026-03-16 10:25:00,account_access|de_language,New team member did not receive activation email
TKT-00555,2026-03-09 10:24:50,Account Access,P4,EN,portal,SMB,0,0,simple,10,480,2026-03-10 10:25:00,2400,2026-03-16 10:25:00,account_access,Role change not reflected after access approval
TKT-00556,2026-03-09 10:29:50,Product Support,P3,EN,portal,SMB,0,0,standard,38,240,2026-03-09 14:29:50,960,2026-03-11 10:30:00,product_support,Custom field values not visible in agent workspace
TKT-00557,2026-03-09 10:31:24,Integrations/API,P4,DE,email,SMB,0,0,standard,40,480,2026-03-10 10:32:00,2400,2026-03-16 10:32:00,integrations_api|de_language|api_specialist,OAuth token refresh fails for production integration
TKT-00558,2026-03-09 10:40:40,Product Support,P2,EN,portal,SMB,0,0,standard,42,60,2026-03-09 11:40:40,480,2026-03-10 10:41:00,product_support,Dashboard filter not persisting for saved view
TKT-00559,2026-03-09 10:41:42,Integrations/API,P3,EN,portal,Mid-Market,0,0,complex,116,240,2026-03-09 14:41:42,960,2026-03-11 10:42:00,integrations_api|api_specialist|integration_specialist,CRM integration stopped syncing ticket comments overnight
TKT-00560,2026-03-09 10:42:56,Product Support,P3,EN,email,Enterprise,0,0,standard,32,240,2026-03-09 14:42:56,960,2026-03-11 10:43:00,product_support|enterprise_handling,Custom field values not visible in agent workspace
TKT-00561,2026-03-09 10:43:51,Product Support,P4,EN,portal,SMB,0,0,complex,61,480,2026-03-10 10:44:00,2400,2026-03-16 10:44:00,product_support|product_specialist,Workflow automation did not trigger after status update
TKT-00562,2026-03-09 10:46:53,Billing,P3,EN,portal,SMB,0,0,complex,61,240,2026-03-09 14:46:53,960,2026-03-11 10:47:00,billing,Subscription cancellation not reflected in billing portal
TKT-00563,2026-03-09 10:52:07,Integrations/API,P2,DE,email,SMB,0,0,simple,26,60,2026-03-09 11:52:07,480,2026-03-10 10:53:00,integrations_api|de_language|api_specialist,ERP connector creates duplicate records on retry
TKT-00564,2026-03-09 10:53:06,Billing,P4,DE,chat,Enterprise,0,0,complex,71,480,2026-03-10 10:54:00,2400,2026-03-16 10:54:00,billing|de_language|enterprise_handling,Invoice shows duplicate line items after plan change
TKT-00565,2026-03-09 11:00:00,Billing,P4,EN,portal,SMB,0,1,simple,11,480,2026-03-10 11:00:00,2400,2026-03-16 11:00:00,billing,Invoice shows duplicate line items after plan change
TKT-00566,2026-03-09 11:15:51,Account Access,P2,EN,portal,SMB,0,0,standard,20,60,2026-03-09 12:15:51,480,2026-03-10 11:16:00,account_access,New team member did not receive activation email
TKT-00567,2026-03-09 11:15:57,Account Access,P4,EN,portal,SMB,0,0,simple,12,480,2026-03-10 11:16:00,2400,2026-03-16 11:16:00,account_access,Account locked after repeated login attempts
TKT-00568,2026-03-09 11:19:24,Account Access,P3,EN,portal,SMB,0,0,simple,5,240,2026-03-09 15:19:24,960,2026-03-11 11:20:00,account_access,SSO login loops back to sign-in page
TKT-00569,2026-03-09 11:22:19,Billing,P3,EN,chat,SMB,0,0,standard,26,240,2026-03-09 15:22:19,960,2026-03-11 11:23:00,billing,Upgrade request created prorated amount mismatch
TKT-00570,2026-03-09 11:22:34,Product Support,P4,EN,email,Mid-Market,0,0,complex,82,480,2026-03-10 11:23:00,2400,2026-03-16 11:23:00,product_support|product_specialist,Notification rule sent duplicate emails to requester
TKT-00571,2026-03-09 11:22:52,Account Access,P1,DE,email,SMB,0,0,standard,18,15,2026-03-09 11:37:52,240,2026-03-09 15:22:52,account_access|de_language|incident_escalation,Session expires immediately after successful login
TKT-00572,2026-03-09 11:22:54,Product Support,P2,EN,portal,SMB,0,0,standard,46,60,2026-03-09 12:22:54,480,2026-03-10 11:23:00,product_support,Exported CSV misses custom fields in final report
TKT-00573,2026-03-09 11:25:35,Product Support,P3,EN,portal,SMB,0,0,standard,38,240,2026-03-09 15:25:35,960,2026-03-11 11:26:00,product_support,Bulk update operation stalled for large ticket batch
TKT-00574,2026-03-09 11:25:47,Product Support,P2,DE,portal,Mid-Market,0,0,complex,94,60,2026-03-09 12:25:47,480,2026-03-10 11:26:00,product_support|de_language|product_specialist,Exported CSV misses custom fields in final report
TKT-00575,2026-03-09 11:30:43,Account Access,P3,EN,portal,Enterprise,0,0,simple,5,240,2026-03-09 15:30:43,960,2026-03-11 11:31:00,account_access|enterprise_handling,Permission update not reflected in project dashboard
TKT-00576,2026-03-09 11:31:08,Product Support,P3,EN,email,SMB,0,0,standard,45,240,2026-03-09 15:31:08,960,2026-03-11 11:32:00,product_support,Dashboard filter not persisting for saved view
TKT-00577,2026-03-09 11:35:57,Billing,P3,EN,portal,SMB,0,0,simple,6,240,2026-03-09 15:35:57,960,2026-03-11 11:36:00,billing,Invoice shows duplicate line items after plan change
TKT-00578,2026-03-09 11:40:52,Account Access,P2,EN,portal,SMB,0,0,simple,13,60,2026-03-09 12:40:52,480,2026-03-10 11:41:00,account_access,Session expires immediately after successful login
TKT-00579,2026-03-09 11:40:59,Billing,P2,EN,email,Mid-Market,0,0,standard,30,60,2026-03-09 12:40:59,480,2026-03-10 11:41:00,billing,Currency setting changed but invoice still generated in USD
TKT-00580,2026-03-09 11:41:48,Product Support,P4,EN,email,SMB,0,0,simple,21,480,2026-03-10 11:42:00,2400,2026-03-16 11:42:00,product_support,Kanban board shows outdated ticket counts after refresh
TKT-00581,2026-03-09 11:42:20,Account Access,P4,EN,chat,Mid-Market,0,0,complex,39,480,2026-03-10 11:43:00,2400,2026-03-16 11:43:00,account_access,SCIM-provisioned user missing expected product access
TKT-00582,2026-03-09 11:43:12,Product Support,P2,EN,portal,Mid-Market,0,0,simple,17,60,2026-03-09 12:43:12,480,2026-03-10 11:44:00,product_support,Custom field values not visible in agent workspace
TKT-00583,2026-03-09 11:45:40,Product Support,P3,DE,email,Enterprise,0,0,standard,28,240,2026-03-09 15:45:40,960,2026-03-11 11:46:00,product_support|de_language|enterprise_handling,Notification rule sent duplicate emails to requester
TKT-00584,2026-03-09 11:47:53,Account Access,P3,EN,chat,SMB,0,1,standard,19,240,2026-03-09 15:47:53,960,2026-03-11 11:48:00,account_access,New team member did not receive activation email
TKT-00585,2026-03-09 11:54:22,Account Access,P3,EN,email,Mid-Market,0,0,standard,17,240,2026-03-09 15:54:22,960,2026-03-11 11:55:00,account_access,SSO login loops back to sign-in page
TKT-00586,2026-03-09 11:55:42,Product Support,P2,EN,email,SMB,0,0,simple,20,60,2026-03-09 12:55:42,480,2026-03-10 11:56:00,product_support,Bulk update operation stalled for large ticket batch
TKT-00587,2026-03-09 11:55:59,Product Support,P3,EN,chat,SMB,0,0,standard,32,240,2026-03-09 15:55:59,960,2026-03-11 11:56:00,product_support,Search results differ between UI and exported report
TKT-00588,2026-03-09 12:02:23,Product Support,P1,EN,portal,SMB,0,0,standard,38,15,2026-03-09 12:17:23,240,2026-03-10 08:03:00,product_support|incident_escalation,Exported CSV misses custom fields in final report
TKT-00589,2026-03-09 12:03:36,Billing,P3,DE,email,SMB,0,0,simple,11,240,2026-03-10 08:04:00,960,2026-03-11 12:04:00,billing|de_language,Currency setting changed but invoice still generated in USD
TKT-00590,2026-03-09 12:10:19,Integrations/API,P4,EN,chat,Enterprise,0,0,standard,31,480,2026-03-10 12:11:00,2400,2026-03-16 12:11:00,integrations_api|enterprise_handling|api_specialist,Webhook delivery returns intermittent 502 responses
TKT-00591,2026-03-09 12:11:51,Integrations/API,P3,EN,chat,SMB,0,0,complex,109,240,2026-03-10 08:12:00,960,2026-03-11 12:12:00,integrations_api|api_specialist|integration_specialist,ERP connector creates duplicate records on retry
TKT-00592,2026-03-09 12:17:09,Account Access,P3,EN,portal,Mid-Market,0,0,standard,29,240,2026-03-10 08:18:00,960,2026-03-11 12:18:00,account_access,Role change not reflected after access approval
TKT-00593,2026-03-09 12:18:32,Billing,P4,EN,email,Enterprise,0,0,standard,22,480,2026-03-10 12:19:00,2400,2026-03-16 12:19:00,billing|enterprise_handling,Seat reduction request still billed at previous volume
TKT-00594,2026-03-09 12:20:57,Account Access,P3,EN,portal,Enterprise,1,0,standard,15,240,2026-03-10 08:21:00,960,2026-03-11 12:21:00,account_access|enterprise_handling,New team member did not receive activation email
TKT-00595,2026-03-09 12:25:20,Account Access,P2,EN,portal,Mid-Market,0,1,simple,12,60,2026-03-09 13:25:20,480,2026-03-10 12:26:00,account_access,MFA challenge not accepted for admin account
TKT-00596,2026-03-09 12:30:38,Product Support,P3,EN,email,SMB,0,0,simple,10,240,2026-03-10 08:31:00,960,2026-03-11 12:31:00,product_support,Dashboard filter not persisting for saved view
TKT-00597,2026-03-09 12:32:49,Account Access,P1,DE,portal,Enterprise,0,0,complex,79,15,2026-03-09 12:47:49,240,2026-03-10 08:33:00,account_access|de_language|enterprise_handling|incident_escalation,Session expires immediately after successful login
TKT-00598,2026-03-09 12:33:01,Integrations/API,P4,EN,portal,Mid-Market,0,0,standard,45,480,2026-03-10 12:34:00,2400,2026-03-16 12:34:00,integrations_api|api_specialist,API rate limit reached earlier than documented threshold
TKT-00599,2026-03-09 12:42:14,Billing,P2,EN,portal,Mid-Market,0,1,standard,22,60,2026-03-09 13:42:14,480,2026-03-10 12:43:00,billing,Billing contact did not receive monthly invoice email
TKT-00600,2026-03-09 12:44:33,Integrations/API,P3,EN,portal,SMB,0,0,standard,39,240,2026-03-10 08:45:00,960,2026-03-11 12:45:00,integrations_api|api_specialist,SSO assertion rejected after identity provider certificate update
TKT-00601,2026-03-09 12:49:14,Integrations/API,P3,EN,email,Mid-Market,0,0,complex,74,240,2026-03-10 08:50:00,960,2026-03-11 12:50:00,integrations_api|api_specialist|integration_specialist,OAuth token refresh fails for production integration
TKT-00602,2026-03-09 12:53:30,Integrations/API,P4,EN,portal,SMB,0,0,standard,31,480,2026-03-10 12:54:00,2400,2026-03-16 12:54:00,integrations_api|api_specialist,ERP connector creates duplicate records on retry
TKT-00603,2026-03-09 12:59:54,Account Access,P4,EN,portal,SMB,0,0,standard,24,480,2026-03-10 13:00:00,2400,2026-03-16 13:00:00,account_access,Session expires immediately after successful login
TKT-00604,2026-03-09 13:01:33,Integrations/API,P4,EN,portal,SMB,0,0,complex,110,480,2026-03-10 13:02:00,2400,2026-03-16 13:02:00,integrations_api|api_specialist|integration_specialist,Webhook delivery returns intermittent 502 responses
TKT-00605,2026-03-09 13:10:46,Integrations/API,P3,DE,email,SMB,0,0,complex,90,240,2026-03-10 09:11:00,960,2026-03-11 13:11:00,integrations_api|de_language|api_specialist|integration_specialist,OAuth token refresh fails for production integration
TKT-00606,2026-03-09 13:13:51,Account Access,P2,EN,email,SMB,0,0,standard,27,60,2026-03-09 14:13:51,480,2026-03-10 13:14:00,account_access,Session expires immediately after successful login
TKT-00607,2026-03-09 13:15:09,Product Support,P2,EN,chat,Mid-Market,0,0,complex,68,60,2026-03-09 14:15:09,480,2026-03-10 13:16:00,product_support|product_specialist,Notification rule sent duplicate emails to requester
TKT-00608,2026-03-09 13:28:52,Product Support,P3,EN,portal,Mid-Market,0,0,standard,38,240,2026-03-10 09:29:00,960,2026-03-11 13:29:00,product_support,Custom field values not visible in agent workspace
TKT-00609,2026-03-09 13:36:49,Product Support,P1,EN,email,Mid-Market,0,0,complex,59,15,2026-03-09 13:51:49,240,2026-03-10 09:37:00,product_support|incident_escalation|product_specialist,Webhook retry settings not visible in admin interface
TKT-00610,2026-03-09 13:39:55,Product Support,P4,DE,chat,SMB,0,0,complex,58,480,2026-03-10 13:40:00,2400,2026-03-16 13:40:00,product_support|de_language|product_specialist,Search results differ between UI and exported report
TKT-00611,2026-03-09 14:03:56,Product Support,P2,DE,email,Enterprise,0,0,complex,60,60,2026-03-09 15:03:56,480,2026-03-10 14:04:00,product_support|de_language|enterprise_handling|product_specialist,Exported CSV misses custom fields in final report
TKT-00612,2026-03-09 14:16:35,Billing,P4,EN,chat,SMB,0,0,simple,15,480,2026-03-10 14:17:00,2400,2026-03-16 14:17:00,billing,Payment method update failed during renewal
TKT-00613,2026-03-09 14:18:05,Account Access,P4,EN,portal,SMB,0,0,simple,7,480,2026-03-10 14:19:00,2400,2026-03-16 14:19:00,account_access,Account locked after repeated login attempts
TKT-00614,2026-03-09 14:22:55,Product Support,P3,EN,email,SMB,0,0,complex,94,240,2026-03-10 10:23:00,960,2026-03-11 14:23:00,product_support|product_specialist,Dashboard filter not persisting for saved view
TKT-00615,2026-03-09 14:30:01,Billing,P3,EN,email,SMB,0,0,simple,12,240,2026-03-10 10:31:00,960,2026-03-11 14:31:00,billing,Seat reduction request still billed at previous volume
TKT-00616,2026-03-09 14:51:13,Product Support,P3,DE,chat,SMB,0,0,simple,11,240,2026-03-10 10:52:00,960,2026-03-11 14:52:00,product_support|de_language,Custom field values not visible in agent workspace
TKT-00617,2026-03-09 15:16:15,Billing,P3,DE,email,SMB,0,1,complex,75,240,2026-03-10 11:17:00,960,2026-03-11 15:17:00,billing|de_language,Currency setting changed but invoice still generated in USD
TKT-00618,2026-03-09 15:28:54,Integrations/API,P4,DE,portal,SMB,0,0,standard,55,480,2026-03-10 15:29:00,2400,2026-03-16 15:29:00,integrations_api|de_language|api_specialist,GraphQL endpoint times out on nested customer query
TKT-00619,2026-03-10 08:08:17,Integrations/API,P3,EN,portal,SMB,0,0,simple,19,240,2026-03-10 12:08:17,960,2026-03-12 08:09:00,integrations_api|api_specialist,GraphQL endpoint times out on nested customer query
TKT-00620,2026-03-10 08:08:51,Account Access,P3,EN,email,SMB,0,0,standard,30,240,2026-03-10 12:08:51,960,2026-03-12 08:09:00,account_access,SCIM-provisioned user missing expected product access
TKT-00621,2026-03-10 08:09:36,Product Support,P1,EN,email,Enterprise,1,1,standard,33,15,2026-03-10 08:24:36,240,2026-03-10 12:09:36,product_support|enterprise_handling|incident_escalation,Custom field values not visible in agent workspace
TKT-00622,2026-03-10 08:23:12,Account Access,P2,EN,email,Mid-Market,0,0,standard,24,60,2026-03-10 09:23:12,480,2026-03-11 08:24:00,account_access,Account locked after repeated login attempts
TKT-00623,2026-03-10 08:25:29,Account Access,P4,DE,portal,SMB,0,0,simple,12,480,2026-03-11 08:26:00,2400,2026-03-17 08:26:00,account_access|de_language,New team member did not receive activation email
TKT-00624,2026-03-10 08:37:22,Integrations/API,P3,EN,portal,Mid-Market,0,0,standard,60,240,2026-03-10 12:37:22,960,2026-03-12 08:38:00,integrations_api|api_specialist,Webhook delivery returns intermittent 502 responses
TKT-00625,2026-03-10 08:44:29,Product Support,P3,EN,portal,Enterprise,0,0,simple,15,240,2026-03-10 12:44:29,960,2026-03-12 08:45:00,product_support|enterprise_handling,Attachment preview fails for PDF uploaded from mobile app
TKT-00626,2026-03-10 08:50:04,Product Support,P3,EN,portal,SMB,0,0,complex,64,240,2026-03-10 12:50:04,960,2026-03-12 08:51:00,product_support|product_specialist,Custom field values not visible in agent workspace
TKT-00627,2026-03-10 08:51:04,Product Support,P3,EN,email,SMB,0,0,standard,36,240,2026-03-10 12:51:04,960,2026-03-12 08:52:00,product_support,Custom field values not visible in agent workspace
TKT-00628,2026-03-10 08:51:58,Billing,P4,EN,portal,SMB,0,0,complex,78,480,2026-03-11 08:52:00,2400,2026-03-17 08:52:00,billing,Seat reduction request still billed at previous volume
TKT-00629,2026-03-10 08:52:33,Account Access,P4,EN,email,SMB,0,0,standard,19,480,2026-03-11 08:53:00,2400,2026-03-17 08:53:00,account_access,Session expires immediately after successful login
TKT-00630,2026-03-10 08:53:04,Product Support,P2,EN,email,Enterprise,0,0,complex,94,60,2026-03-10 09:53:04,480,2026-03-11 08:54:00,product_support|enterprise_handling|product_specialist,Workflow automation did not trigger after status update
TKT-00631,2026-03-10 08:56:16,Integrations/API,P3,DE,email,Enterprise,0,0,standard,51,240,2026-03-10 12:56:16,960,2026-03-12 08:57:00,integrations_api|de_language|enterprise_handling|api_specialist,GraphQL endpoint times out on nested customer query
TKT-00632,2026-03-10 08:58:55,Integrations/API,P3,EN,portal,Enterprise,0,1,standard,49,240,2026-03-10 12:58:55,960,2026-03-12 08:59:00,integrations_api|enterprise_handling|api_specialist,OAuth token refresh fails for production integration
TKT-00633,2026-03-10 09:05:48,Product Support,P4,EN,chat,Mid-Market,0,0,standard,29,480,2026-03-11 09:06:00,2400,2026-03-17 09:06:00,product_support,Attachment preview fails for PDF uploaded from mobile app
TKT-00634,2026-03-10 09:09:24,Product Support,P3,EN,portal,Mid-Market,0,0,simple,14,240,2026-03-10 13:09:24,960,2026-03-12 09:10:00,product_support,Dashboard filter not persisting for saved view
TKT-00635,2026-03-10 09:11:55,Product Support,P1,EN,email,SMB,0,0,standard,29,15,2026-03-10 09:26:55,240,2026-03-10 13:11:55,product_support|incident_escalation,Dashboard filter not persisting for saved view
TKT-00636,2026-03-10 09:12:23,Billing,P2,EN,portal,Enterprise,0,0,simple,10,60,2026-03-10 10:12:23,480,2026-03-11 09:13:00,billing|enterprise_handling,Payment method update failed during renewal
TKT-00637,2026-03-10 09:13:29,Integrations/API,P3,EN,email,SMB,0,0,standard,55,240,2026-03-10 13:13:29,960,2026-03-12 09:14:00,integrations_api|api_specialist,REST API pagination skips records after cursor handoff
TKT-00638,2026-03-10 09:14:46,Product Support,P3,DE,portal,SMB,0,0,standard,35,240,2026-03-10 13:14:46,960,2026-03-12 09:15:00,product_support|de_language,Kanban board shows outdated ticket counts after refresh
TKT-00639,2026-03-10 09:15:59,Account Access,P3,DE,portal,SMB,0,0,simple,12,240,2026-03-10 13:15:59,960,2026-03-12 09:16:00,account_access|de_language,SCIM-provisioned user missing expected product access
TKT-00640,2026-03-10 09:16:17,Account Access,P4,DE,email,SMB,0,0,standard,26,480,2026-03-11 09:17:00,2400,2026-03-17 09:17:00,account_access|de_language,Account locked after repeated login attempts
TKT-00641,2026-03-10 09:17:53,Billing,P2,EN,chat,SMB,0,0,standard,21,60,2026-03-10 10:17:53,480,2026-03-11 09:18:00,billing,Payment method update failed during renewal
TKT-00642,2026-03-10 09:26:38,Product Support,P3,EN,portal,SMB,0,0,standard,34,240,2026-03-10 13:26:38,960,2026-03-12 09:27:00,product_support,Dashboard filter not persisting for saved view
TKT-00643,2026-03-10 09:27:22,Product Support,P4,EN,portal,SMB,0,0,standard,26,480,2026-03-11 09:28:00,2400,2026-03-17 09:28:00,product_support,Workflow automation did not trigger after status update
TKT-00644,2026-03-10 09:30:02,Account Access,P3,DE,email,SMB,0,0,standard,25,240,2026-03-10 13:30:02,960,2026-03-12 09:31:00,account_access|de_language,User cannot access workspace after password reset
TKT-00645,2026-03-10 09:30:21,Account Access,P3,EN,portal,Mid-Market,0,0,standard,30,240,2026-03-10 13:30:21,960,2026-03-12 09:31:00,account_access,SSO login loops back to sign-in page
TKT-00646,2026-03-10 09:37:19,Account Access,P4,EN,email,SMB,0,0,simple,12,480,2026-03-11 09:38:00,2400,2026-03-17 09:38:00,account_access,Group-based permissions not syncing from identity provider
TKT-00647,2026-03-10 09:37:58,Product Support,P2,EN,portal,Mid-Market,0,0,standard,42,60,2026-03-10 10:37:58,480,2026-03-11 09:38:00,product_support,Dashboard filter not persisting for saved view
TKT-00648,2026-03-10 09:39:12,Integrations/API,P4,EN,portal,SMB,0,0,complex,113,480,2026-03-11 09:40:00,2400,2026-03-17 09:40:00,integrations_api|api_specialist|integration_specialist,CRM integration stopped syncing ticket comments overnight
TKT-00649,2026-03-10 09:49:39,Billing,P2,EN,portal,Mid-Market,0,0,simple,8,60,2026-03-10 10:49:39,480,2026-03-11 09:50:00,billing,Subscription cancellation not reflected in billing portal
TKT-00650,2026-03-10 09:50:01,Account Access,P4,EN,email,SMB,0,0,complex,66,480,2026-03-11 09:51:00,2400,2026-03-17 09:51:00,account_access,Session expires immediately after successful login
TKT-00651,2026-03-10 09:50:39,Product Support,P3,EN,email,SMB,0,0,simple,17,240,2026-03-10 13:50:39,960,2026-03-12 09:51:00,product_support,Workflow automation did not trigger after status update
TKT-00652,2026-03-10 09:54:48,Product Support,P3,EN,portal,Mid-Market,0,0,simple,15,240,2026-03-10 13:54:48,960,2026-03-12 09:55:00,product_support,Exported CSV misses custom fields in final report
TKT-00653,2026-03-10 09:56:46,Product Support,P3,EN,portal,Enterprise,0,0,standard,41,240,2026-03-10 13:56:46,960,2026-03-12 09:57:00,product_support|enterprise_handling,Notification rule sent duplicate emails to requester
TKT-00654,2026-03-10 10:01:02,Product Support,P3,EN,portal,Mid-Market,0,0,complex,58,240,2026-03-10 14:01:02,960,2026-03-12 10:02:00,product_support|product_specialist,Search results differ between UI and exported report
TKT-00655,2026-03-10 10:01:48,Product Support,P3,EN,chat,SMB,0,0,complex,88,240,2026-03-10 14:01:48,960,2026-03-12 10:02:00,product_support|product_specialist,Exported CSV misses custom fields in final report
TKT-00656,2026-03-10 10:03:20,Product Support,P3,DE,email,Mid-Market,0,0,complex,72,240,2026-03-10 14:03:20,960,2026-03-12 10:04:00,product_support|de_language|product_specialist,Kanban board shows outdated ticket counts after refresh
TKT-00657,2026-03-10 10:15:22,Product Support,P1,EN,portal,Enterprise,1,0,complex,97,15,2026-03-10 10:30:22,240,2026-03-10 14:15:22,product_support|enterprise_handling|incident_escalation|product_specialist,Webhook retry settings not visible in admin interface
TKT-00658,2026-03-10 10:17:32,Product Support,P4,DE,email,Mid-Market,0,0,simple,16,480,2026-03-11 10:18:00,2400,2026-03-17 10:18:00,product_support|de_language,Notification rule sent duplicate emails to requester
TKT-00659,2026-03-10 10:19:44,Integrations/API,P3,EN,portal,SMB,0,0,standard,50,240,2026-03-10 14:19:44,960,2026-03-12 10:20:00,integrations_api|api_specialist,Webhook delivery returns intermittent 502 responses
TKT-00660,2026-03-10 10:24:18,Integrations/API,P3,EN,email,SMB,0,0,standard,38,240,2026-03-10 14:24:18,960,2026-03-12 10:25:00,integrations_api|api_specialist,SCIM deprovisioning request returns 403 for service account
TKT-00661,2026-03-10 10:25:19,Product Support,P4,EN,portal,SMB,0,0,simple,19,480,2026-03-11 10:26:00,2400,2026-03-17 10:26:00,product_support,Dashboard filter not persisting for saved view
TKT-00662,2026-03-10 10:26:35,Product Support,P3,EN,portal,Mid-Market,0,0,standard,42,240,2026-03-10 14:26:35,960,2026-03-12 10:27:00,product_support,Workflow automation did not trigger after status update
TKT-00663,2026-03-10 10:27:50,Billing,P3,EN,chat,Mid-Market,0,0,simple,13,240,2026-03-10 14:27:50,960,2026-03-12 10:28:00,billing,Billing contact did not receive monthly invoice email
TKT-00664,2026-03-10 10:35:07,Billing,P3,EN,email,SMB,0,1,standard,20,240,2026-03-10 14:35:07,960,2026-03-12 10:36:00,billing,Currency setting changed but invoice still generated in USD
TKT-00665,2026-03-10 10:37:58,Account Access,P3,DE,portal,SMB,0,0,simple,8,240,2026-03-10 14:37:58,960,2026-03-12 10:38:00,account_access|de_language,New team member did not receive activation email
TKT-00666,2026-03-10 10:43:03,Integrations/API,P4,EN,email,SMB,0,0,simple,24,480,2026-03-11 10:44:00,2400,2026-03-17 10:44:00,integrations_api|api_specialist,SSO assertion rejected after identity provider certificate update
TKT-00667,2026-03-10 10:50:58,Integrations/API,P3,DE,portal,SMB,0,1,standard,45,240,2026-03-10 14:50:58,960,2026-03-12 10:51:00,integrations_api|de_language|api_specialist,Webhook signature validation differs from documentation example
TKT-00668,2026-03-10 10:52:21,Product Support,P2,EN,portal,SMB,0,0,standard,37,60,2026-03-10 11:52:21,480,2026-03-11 10:53:00,product_support,Dashboard filter not persisting for saved view
TKT-00669,2026-03-10 10:57:51,Account Access,P1,EN,chat,Enterprise,0,0,complex,70,15,2026-03-10 11:12:51,240,2026-03-10 14:57:51,account_access|enterprise_handling|incident_escalation,Group-based permissions not syncing from identity provider
TKT-00670,2026-03-10 11:00:31,Product Support,P3,DE,email,SMB,0,0,simple,17,240,2026-03-10 15:00:31,960,2026-03-12 11:01:00,product_support|de_language,Custom field values not visible in agent workspace
TKT-00671,2026-03-10 11:01:58,Account Access,P3,EN,portal,Mid-Market,0,0,complex,36,240,2026-03-10 15:01:58,960,2026-03-12 11:02:00,account_access,Role change not reflected after access approval
TKT-00672,2026-03-10 11:01:59,Product Support,P2,DE,email,Mid-Market,0,0,complex,99,60,2026-03-10 12:01:59,480,2026-03-11 11:02:00,product_support|de_language|product_specialist,Exported CSV misses custom fields in final report
TKT-00673,2026-03-10 11:02:08,Product Support,P4,EN,portal,SMB,0,0,standard,31,480,2026-03-11 11:03:00,2400,2026-03-17 11:03:00,product_support,Webhook retry settings not visible in admin interface
TKT-00674,2026-03-10 11:05:01,Product Support,P4,EN,portal,Mid-Market,0,0,complex,84,480,2026-03-11 11:06:00,2400,2026-03-17 11:06:00,product_support|product_specialist,Kanban board shows outdated ticket counts after refresh
TKT-00675,2026-03-10 11:11:38,Account Access,P2,DE,email,SMB,0,1,standard,25,60,2026-03-10 12:11:38,480,2026-03-11 11:12:00,account_access|de_language,User cannot access workspace after password reset
TKT-00676,2026-03-10 11:15:49,Billing,P3,EN,email,Enterprise,1,0,standard,20,240,2026-03-10 15:15:49,960,2026-03-12 11:16:00,billing|enterprise_handling,Purchase order reference missing from latest invoice
TKT-00677,2026-03-10 11:15:56,Integrations/API,P4,EN,email,Mid-Market,0,0,standard,39,480,2026-03-11 11:16:00,2400,2026-03-17 11:16:00,integrations_api|api_specialist,GraphQL endpoint times out on nested customer query
TKT-00678,2026-03-10 11:16:12,Product Support,P3,EN,email,Mid-Market,0,0,standard,26,240,2026-03-10 15:16:12,960,2026-03-12 11:17:00,product_support,Webhook retry settings not visible in admin interface
TKT-00679,2026-03-10 11:18:33,Integrations/API,P2,EN,email,SMB,0,0,complex,78,60,2026-03-10 12:18:33,480,2026-03-11 11:19:00,integrations_api|api_specialist|integration_specialist,Webhook signature validation differs from documentation example
TKT-00680,2026-03-10 11:19:04,Product Support,P4,EN,portal,Mid-Market,0,0,standard,45,480,2026-03-11 11:20:00,2400,2026-03-17 11:20:00,product_support,Attachment preview fails for PDF uploaded from mobile app
TKT-00681,2026-03-10 11:22:32,Integrations/API,P2,EN,email,SMB,0,0,complex,66,60,2026-03-10 12:22:32,480,2026-03-11 11:23:00,integrations_api|api_specialist|integration_specialist,Webhook signature validation differs from documentation example
TKT-00682,2026-03-10 11:23:20,Integrations/API,P2,EN,portal,SMB,0,0,standard,54,60,2026-03-10 12:23:20,480,2026-03-11 11:24:00,integrations_api|api_specialist,REST API pagination skips records after cursor handoff
TKT-00683,2026-03-10 11:23:59,Product Support,P4,EN,portal,Mid-Market,0,0,standard,35,480,2026-03-11 11:24:00,2400,2026-03-17 11:24:00,product_support,Search results differ between UI and exported report
TKT-00684,2026-03-10 11:26:20,Product Support,P3,EN,email,SMB,0,0,standard,26,240,2026-03-10 15:26:20,960,2026-03-12 11:27:00,product_support,Workflow automation did not trigger after status update
TKT-00685,2026-03-10 11:29:13,Product Support,P3,DE,chat,SMB,0,0,standard,43,240,2026-03-10 15:29:13,960,2026-03-12 11:30:00,product_support|de_language,Custom field values not visible in agent workspace
TKT-00686,2026-03-10 11:31:20,Billing,P3,DE,portal,Enterprise,0,0,standard,26,240,2026-03-10 15:31:20,960,2026-03-12 11:32:00,billing|de_language|enterprise_handling,Upgrade request created prorated amount mismatch
TKT-00687,2026-03-10 11:34:32,Integrations/API,P2,DE,portal,Mid-Market,0,1,standard,40,60,2026-03-10 12:34:32,480,2026-03-11 11:35:00,integrations_api|de_language|api_specialist,ERP connector creates duplicate records on retry
TKT-00688,2026-03-10 11:36:06,Account Access,P1,EN,email,Enterprise,0,0,simple,6,15,2026-03-10 11:51:06,240,2026-03-10 15:36:06,account_access|enterprise_handling|incident_escalation,Session expires immediately after successful login
TKT-00689,2026-03-10 11:40:25,Product Support,P3,DE,portal,SMB,0,0,standard,35,240,2026-03-10 15:40:25,960,2026-03-12 11:41:00,product_support|de_language,Workflow automation did not trigger after status update
TKT-00690,2026-03-10 11:45:43,Product Support,P2,EN,email,SMB,0,0,standard,46,60,2026-03-10 12:45:43,480,2026-03-11 11:46:00,product_support,Dashboard filter not persisting for saved view
TKT-00691,2026-03-10 11:48:03,Account Access,P3,EN,portal,SMB,0,0,standard,22,240,2026-03-10 15:48:03,960,2026-03-12 11:49:00,account_access,User cannot access workspace after password reset
TKT-00692,2026-03-10 11:49:37,Integrations/API,P4,DE,chat,SMB,0,0,complex,62,480,2026-03-11 11:50:00,2400,2026-03-17 11:50:00,integrations_api|de_language|api_specialist|integration_specialist,ERP connector creates duplicate records on retry
TKT-00693,2026-03-10 11:52:44,Account Access,P2,EN,portal,SMB,0,1,standard,29,60,2026-03-10 12:52:44,480,2026-03-11 11:53:00,account_access,MFA challenge not accepted for admin account
TKT-00694,2026-03-10 11:55:50,Product Support,P3,DE,portal,SMB,0,0,standard,45,240,2026-03-10 15:55:50,960,2026-03-12 11:56:00,product_support|de_language,Webhook retry settings not visible in admin interface
TKT-00695,2026-03-10 11:56:06,Product Support,P4,DE,email,SMB,0,1,complex,51,480,2026-03-11 11:57:00,2400,2026-03-17 11:57:00,product_support|de_language|product_specialist,Workflow automation did not trigger after status update
TKT-00696,2026-03-10 12:16:47,Product Support,P3,DE,portal,Mid-Market,0,0,standard,31,240,2026-03-11 08:17:00,960,2026-03-12 12:17:00,product_support|de_language,Notification rule sent duplicate emails to requester
TKT-00697,2026-03-10 12:19:39,Integrations/API,P1,EN,email,SMB,0,0,standard,68,15,2026-03-10 12:34:39,240,2026-03-11 08:20:00,integrations_api|api_specialist|incident_escalation,SSO assertion rejected after identity provider certificate update
TKT-00698,2026-03-10 12:19:56,Product Support,P2,DE,email,Mid-Market,0,0,complex,56,60,2026-03-10 13:19:56,480,2026-03-11 12:20:00,product_support|de_language|product_specialist,Kanban board shows outdated ticket counts after refresh
TKT-00699,2026-03-10 12:21:17,Product Support,P3,EN,portal,SMB,0,0,standard,32,240,2026-03-11 08:22:00,960,2026-03-12 12:22:00,product_support,Webhook retry settings not visible in admin interface
TKT-00700,2026-03-10 12:28:26,Account Access,P4,EN,chat,Mid-Market,0,0,simple,6,480,2026-03-11 12:29:00,2400,2026-03-17 12:29:00,account_access,Session expires immediately after successful login
TKT-00701,2026-03-10 12:28:55,Product Support,P4,EN,portal,SMB,0,0,standard,29,480,2026-03-11 12:29:00,2400,2026-03-17 12:29:00,product_support,Custom field values not visible in agent workspace
TKT-00702,2026-03-10 12:29:28,Billing,P4,DE,email,Mid-Market,0,0,simple,7,480,2026-03-11 12:30:00,2400,2026-03-17 12:30:00,billing|de_language,Upgrade request created prorated amount mismatch
TKT-00703,2026-03-10 12:34:10,Product Support,P2,EN,portal,SMB,0,0,standard,41,60,2026-03-10 13:34:10,480,2026-03-11 12:35:00,product_support,Dashboard filter not persisting for saved view
TKT-00704,2026-03-10 12:45:29,Account Access,P2,EN,email,Mid-Market,0,0,complex,65,60,2026-03-10 13:45:29,480,2026-03-11 12:46:00,account_access,User cannot access workspace after password reset
TKT-00705,2026-03-10 12:47:52,Product Support,P3,DE,portal,Enterprise,0,0,standard,42,240,2026-03-11 08:48:00,960,2026-03-12 12:48:00,product_support|de_language|enterprise_handling,Bulk update operation stalled for large ticket batch
TKT-00706,2026-03-10 12:59:08,Product Support,P4,EN,email,Enterprise,0,0,simple,21,480,2026-03-11 13:00:00,2400,2026-03-17 13:00:00,product_support|enterprise_handling,Webhook retry settings not visible in admin interface
TKT-00707,2026-03-10 13:04:36,Integrations/API,P3,DE,email,Mid-Market,0,0,complex,106,240,2026-03-11 09:05:00,960,2026-03-12 13:05:00,integrations_api|de_language|api_specialist|integration_specialist,API rate limit reached earlier than documented threshold
TKT-00708,2026-03-10 13:08:07,Product Support,P1,EN,email,SMB,0,0,standard,52,15,2026-03-10 13:23:07,240,2026-03-11 09:09:00,product_support|incident_escalation,Attachment preview fails for PDF uploaded from mobile app
TKT-00709,2026-03-10 13:09:45,Billing,P2,EN,portal,Mid-Market,0,0,simple,12,60,2026-03-10 14:09:45,480,2026-03-11 13:10:00,billing,Invoice shows duplicate line items after plan change
TKT-00710,2026-03-10 13:15:58,Product Support,P3,DE,email,Enterprise,0,0,simple,12,240,2026-03-11 09:16:00,960,2026-03-12 13:16:00,product_support|de_language|enterprise_handling,Dashboard filter not persisting for saved view
TKT-00711,2026-03-10 13:19:19,Product Support,P3,EN,chat,SMB,0,0,standard,28,240,2026-03-11 09:20:00,960,2026-03-12 13:20:00,product_support,Webhook retry settings not visible in admin interface
TKT-00712,2026-03-10 13:21:21,Billing,P3,EN,portal,SMB,0,0,complex,78,240,2026-03-11 09:22:00,960,2026-03-12 13:22:00,billing,Upgrade request created prorated amount mismatch
TKT-00713,2026-03-10 13:22:59,Integrations/API,P3,EN,portal,SMB,0,0,simple,15,240,2026-03-11 09:23:00,960,2026-03-12 13:23:00,integrations_api|api_specialist,CRM integration stopped syncing ticket comments overnight
TKT-00714,2026-03-10 13:24:19,Product Support,P3,EN,portal,Mid-Market,0,0,complex,77,240,2026-03-11 09:25:00,960,2026-03-12 13:25:00,product_support|product_specialist,Attachment preview fails for PDF uploaded from mobile app
TKT-00715,2026-03-10 13:32:19,Product Support,P4,DE,portal,SMB,0,0,standard,38,480,2026-03-11 13:33:00,2400,2026-03-17 13:33:00,product_support|de_language,Attachment preview fails for PDF uploaded from mobile app
TKT-00716,2026-03-10 13:34:26,Billing,P3,DE,chat,Mid-Market,0,0,simple,9,240,2026-03-11 09:35:00,960,2026-03-12 13:35:00,billing|de_language,Upgrade request created prorated amount mismatch
TKT-00717,2026-03-10 13:47:37,Billing,P4,EN,portal,Mid-Market,0,0,standard,28,480,2026-03-11 13:48:00,2400,2026-03-17 13:48:00,billing,Invoice shows duplicate line items after plan change
TKT-00718,2026-03-10 13:49:53,Product Support,P3,DE,email,SMB,0,0,complex,52,240,2026-03-11 09:50:00,960,2026-03-12 13:50:00,product_support|de_language|product_specialist,Dashboard filter not persisting for saved view
TKT-00719,2026-03-10 13:54:12,Billing,P3,EN,email,SMB,0,0,standard,23,240,2026-03-11 09:55:00,960,2026-03-12 13:55:00,billing,Seat reduction request still billed at previous volume
TKT-00720,2026-03-10 14:12:04,Billing,P1,EN,email,Enterprise,0,0,simple,16,15,2026-03-10 14:27:04,240,2026-03-11 10:13:00,billing|enterprise_handling|incident_escalation,Currency setting changed but invoice still generated in USD
TKT-00721,2026-03-10 14:21:36,Account Access,P3,EN,portal,SMB,0,0,standard,30,240,2026-03-11 10:22:00,960,2026-03-12 14:22:00,account_access,SCIM-provisioned user missing expected product access
TKT-00722,2026-03-10 14:26:13,Product Support,P3,EN,portal,SMB,0,0,complex,75,240,2026-03-11 10:27:00,960,2026-03-12 14:27:00,product_support|product_specialist,Kanban board shows outdated ticket counts after refresh
TKT-00723,2026-03-10 14:26:59,Billing,P4,EN,portal,SMB,0,0,simple,13,480,2026-03-11 14:27:00,2400,2026-03-17 14:27:00,billing,Tax calculation differs from contract expectations
TKT-00724,2026-03-10 14:41:40,Billing,P3,EN,portal,Enterprise,0,0,simple,13,240,2026-03-11 10:42:00,960,2026-03-12 14:42:00,billing|enterprise_handling,Seat reduction request still billed at previous volume
TKT-00725,2026-03-10 14:44:41,Product Support,P4,EN,portal,SMB,0,0,standard,42,480,2026-03-11 14:45:00,2400,2026-03-17 14:45:00,product_support,Webhook retry settings not visible in admin interface
TKT-00726,2026-03-11 08:06:19,Product Support,P4,EN,email,SMB,0,1,complex,66,480,2026-03-12 08:07:00,2400,2026-03-18 08:07:00,product_support|product_specialist,Bulk update operation stalled for large ticket batch
TKT-00727,2026-03-11 08:21:58,Product Support,P1,EN,email,SMB,0,0,complex,91,15,2026-03-11 08:36:58,240,2026-03-11 12:21:58,product_support|incident_escalation|product_specialist,Webhook retry settings not visible in admin interface
TKT-00728,2026-03-11 08:39:03,Account Access,P4,EN,portal,SMB,0,0,simple,9,480,2026-03-12 08:40:00,2400,2026-03-18 08:40:00,account_access,SSO login loops back to sign-in page
TKT-00729,2026-03-11 08:41:49,Billing,P2,EN,portal,SMB,0,1,complex,78,60,2026-03-11 09:41:49,480,2026-03-12 08:42:00,billing,Credit note not applied to outstanding balance
TKT-00730,2026-03-11 08:42:54,Billing,P3,EN,portal,Mid-Market,0,0,simple,13,240,2026-03-11 12:42:54,960,2026-03-13 08:43:00,billing,Currency setting changed but invoice still generated in USD
TKT-00731,2026-03-11 08:53:47,Billing,P3,DE,email,Mid-Market,0,0,simple,11,240,2026-03-11 12:53:47,960,2026-03-13 08:54:00,billing|de_language,Invoice shows duplicate line items after plan change
TKT-00732,2026-03-11 08:57:45,Account Access,P2,DE,email,Enterprise,0,0,complex,57,60,2026-03-11 09:57:45,480,2026-03-12 08:58:00,account_access|de_language|enterprise_handling,Permission update not reflected in project dashboard
TKT-00733,2026-03-11 08:58:38,Product Support,P2,EN,email,Mid-Market,0,0,complex,60,60,2026-03-11 09:58:38,480,2026-03-12 08:59:00,product_support|product_specialist,Bulk update operation stalled for large ticket batch
TKT-00734,2026-03-11 09:06:53,Product Support,P3,DE,email,Mid-Market,0,0,simple,19,240,2026-03-11 13:06:53,960,2026-03-13 09:07:00,product_support|de_language,Attachment preview fails for PDF uploaded from mobile app
TKT-00735,2026-03-11 09:07:41,Account Access,P3,DE,portal,Mid-Market,0,0,simple,11,240,2026-03-11 13:07:41,960,2026-03-13 09:08:00,account_access|de_language,SSO login loops back to sign-in page
TKT-00736,2026-03-11 09:09:23,Product Support,P2,EN,portal,SMB,0,0,standard,46,60,2026-03-11 10:09:23,480,2026-03-12 09:10:00,product_support,Webhook retry settings not visible in admin interface
TKT-00737,2026-03-11 09:09:46,Account Access,P4,EN,email,SMB,0,0,standard,29,480,2026-03-12 09:10:00,2400,2026-03-18 09:10:00,account_access,Group-based permissions not syncing from identity provider
TKT-00738,2026-03-11 09:13:54,Product Support,P3,EN,email,SMB,0,0,standard,39,240,2026-03-11 13:13:54,960,2026-03-13 09:14:00,product_support,Exported CSV misses custom fields in final report
TKT-00739,2026-03-11 09:15:46,Product Support,P3,EN,portal,Mid-Market,0,0,simple,19,240,2026-03-11 13:15:46,960,2026-03-13 09:16:00,product_support,Workflow automation did not trigger after status update
TKT-00740,2026-03-11 09:22:07,Product Support,P3,EN,portal,SMB,0,0,standard,35,240,2026-03-11 13:22:07,960,2026-03-13 09:23:00,product_support,Attachment preview fails for PDF uploaded from mobile app
TKT-00741,2026-03-11 09:25:21,Product Support,P3,EN,email,SMB,0,0,complex,51,240,2026-03-11 13:25:21,960,2026-03-13 09:26:00,product_support|product_specialist,Search results differ between UI and exported report
TKT-00742,2026-03-11 09:27:06,Product Support,P4,EN,portal,Enterprise,1,0,simple,14,480,2026-03-12 09:28:00,2400,2026-03-18 09:28:00,product_support|enterprise_handling,Bulk update operation stalled for large ticket batch
TKT-00743,2026-03-11 09:37:23,Integrations/API,P3,EN,portal,SMB,0,0,standard,43,240,2026-03-11 13:37:23,960,2026-03-13 09:38:00,integrations_api|api_specialist,GraphQL endpoint times out on nested customer query
TKT-00744,2026-03-11 09:41:22,Product Support,P2,EN,email,SMB,0,0,complex,94,60,2026-03-11 10:41:22,480,2026-03-12 09:42:00,product_support|product_specialist,Webhook retry settings not visible in admin interface
TKT-00745,2026-03-11 09:45:17,Product Support,P3,EN,portal,SMB,0,0,complex,60,240,2026-03-11 13:45:17,960,2026-03-13 09:46:00,product_support|product_specialist,Exported CSV misses custom fields in final report
TKT-00746,2026-03-11 09:54:23,Product Support,P3,EN,email,Mid-Market,0,0,simple,19,240,2026-03-11 13:54:23,960,2026-03-13 09:55:00,product_support,Notification rule sent duplicate emails to requester
TKT-00747,2026-03-11 10:03:32,Integrations/API,P3,EN,email,Mid-Market,0,0,complex,98,240,2026-03-11 14:03:32,960,2026-03-13 10:04:00,integrations_api|api_specialist|integration_specialist,ERP connector creates duplicate records on retry
TKT-00748,2026-03-11 10:06:17,Product Support,P3,DE,portal,SMB,0,0,simple,15,240,2026-03-11 14:06:17,960,2026-03-13 10:07:00,product_support|de_language,Dashboard filter not persisting for saved view
TKT-00749,2026-03-11 10:09:05,Product Support,P4,DE,email,Mid-Market,0,0,simple,15,480,2026-03-12 10:10:00,2400,2026-03-18 10:10:00,product_support|de_language,Bulk update operation stalled for large ticket batch
TKT-00750,2026-03-11 10:10:31,Account Access,P4,DE,chat,SMB,0,0,simple,12,480,2026-03-12 10:11:00,2400,2026-03-18 10:11:00,account_access|de_language,Account locked after repeated login attempts
TKT-00751,2026-03-11 10:11:42,Billing,P3,EN,chat,Mid-Market,0,0,simple,15,240,2026-03-11 14:11:42,960,2026-03-13 10:12:00,billing,Tax calculation differs from contract expectations
TKT-00752,2026-03-11 10:12:28,Integrations/API,P3,DE,portal,Mid-Market,0,1,complex,86,240,2026-03-11 14:12:28,960,2026-03-13 10:13:00,integrations_api|de_language|api_specialist|integration_specialist,CRM integration stopped syncing ticket comments overnight
TKT-00753,2026-03-11 10:16:05,Integrations/API,P3,DE,portal,SMB,0,0,standard,54,240,2026-03-11 14:16:05,960,2026-03-13 10:17:00,integrations_api|de_language|api_specialist,ERP connector creates duplicate records on retry
TKT-00754,2026-03-11 10:18:01,Product Support,P3,EN,portal,SMB,0,0,standard,26,240,2026-03-11 14:18:01,960,2026-03-13 10:19:00,product_support,Webhook retry settings not visible in admin interface
TKT-00755,2026-03-11 10:21:04,Billing,P2,DE,email,SMB,0,0,complex,81,60,2026-03-11 11:21:04,480,2026-03-12 10:22:00,billing|de_language,Upgrade request created prorated amount mismatch
TKT-00756,2026-03-11 10:21:27,Product Support,P3,EN,email,SMB,0,0,standard,35,240,2026-03-11 14:21:27,960,2026-03-13 10:22:00,product_support,Workflow automation did not trigger after status update
TKT-00757,2026-03-11 10:22:39,Product Support,P3,EN,email,Mid-Market,0,0,standard,39,240,2026-03-11 14:22:39,960,2026-03-13 10:23:00,product_support,Search results differ between UI and exported report
TKT-00758,2026-03-11 10:24:11,Product Support,P2,EN,email,SMB,0,0,standard,38,60,2026-03-11 11:24:11,480,2026-03-12 10:25:00,product_support,Search results differ between UI and exported report
TKT-00759,2026-03-11 10:25:13,Billing,P4,EN,email,SMB,0,0,simple,8,480,2026-03-12 10:26:00,2400,2026-03-18 10:26:00,billing,Payment method update failed during renewal
TKT-00760,2026-03-11 10:26:39,Product Support,P3,DE,portal,SMB,0,0,simple,10,240,2026-03-11 14:26:39,960,2026-03-13 10:27:00,product_support|de_language,Search results differ between UI and exported report
TKT-00761,2026-03-11 10:35:45,Billing,P4,EN,email,SMB,0,0,complex,49,480,2026-03-12 10:36:00,2400,2026-03-18 10:36:00,billing,Currency setting changed but invoice still generated in USD
TKT-00762,2026-03-11 10:38:25,Integrations/API,P3,EN,portal,Enterprise,0,0,standard,58,240,2026-03-11 14:38:25,960,2026-03-13 10:39:00,integrations_api|enterprise_handling|api_specialist,REST API pagination skips records after cursor handoff
TKT-00763,2026-03-11 10:43:25,Account Access,P3,DE,portal,SMB,0,0,standard,18,240,2026-03-11 14:43:25,960,2026-03-13 10:44:00,account_access|de_language,Role change not reflected after access approval
TKT-00764,2026-03-11 10:43:32,Billing,P4,EN,chat,Enterprise,0,0,standard,25,480,2026-03-12 10:44:00,2400,2026-03-18 10:44:00,billing|enterprise_handling,Subscription cancellation not reflected in billing portal
TKT-00765,2026-03-11 10:44:28,Billing,P4,EN,email,Enterprise,0,0,standard,35,480,2026-03-12 10:45:00,2400,2026-03-18 10:45:00,billing|enterprise_handling,Upgrade request created prorated amount mismatch
TKT-00766,2026-03-11 10:45:57,Integrations/API,P3,EN,email,SMB,0,0,complex,101,240,2026-03-11 14:45:57,960,2026-03-13 10:46:00,integrations_api|api_specialist|integration_specialist,SSO assertion rejected after identity provider certificate update
TKT-00767,2026-03-11 10:47:16,Account Access,P4,EN,portal,Enterprise,0,0,standard,17,480,2026-03-12 10:48:00,2400,2026-03-18 10:48:00,account_access|enterprise_handling,SSO login loops back to sign-in page
TKT-00768,2026-03-11 10:49:55,Product Support,P3,EN,portal,Mid-Market,0,0,standard,26,240,2026-03-11 14:49:55,960,2026-03-13 10:50:00,product_support,Webhook retry settings not visible in admin interface
TKT-00769,2026-03-11 10:50:57,Product Support,P2,EN,portal,SMB,0,0,standard,46,60,2026-03-11 11:50:57,480,2026-03-12 10:51:00,product_support,Attachment preview fails for PDF uploaded from mobile app
TKT-00770,2026-03-11 10:52:19,Billing,P3,EN,portal,Enterprise,0,0,standard,32,240,2026-03-11 14:52:19,960,2026-03-13 10:53:00,billing|enterprise_handling,Invoice shows duplicate line items after plan change
TKT-00771,2026-03-11 10:55:10,Billing,P3,EN,portal,Mid-Market,0,0,simple,10,240,2026-03-11 14:55:10,960,2026-03-13 10:56:00,billing,Purchase order reference missing from latest invoice
TKT-00772,2026-03-11 10:56:13,Integrations/API,P3,EN,portal,Mid-Market,0,0,complex,120,240,2026-03-11 14:56:13,960,2026-03-13 10:57:00,integrations_api|api_specialist|integration_specialist,API rate limit reached earlier than documented threshold
TKT-00773,2026-03-11 11:02:34,Product Support,P2,EN,chat,SMB,0,0,standard,36,60,2026-03-11 12:02:34,480,2026-03-12 11:03:00,product_support,Workflow automation did not trigger after status update
TKT-00774,2026-03-11 11:10:32,Integrations/API,P3,EN,email,Mid-Market,0,0,complex,73,240,2026-03-11 15:10:32,960,2026-03-13 11:11:00,integrations_api|api_specialist|integration_specialist,Webhook signature validation differs from documentation example
TKT-00775,2026-03-11 11:11:37,Product Support,P3,EN,portal,SMB,0,0,standard,29,240,2026-03-11 15:11:37,960,2026-03-13 11:12:00,product_support,Webhook retry settings not visible in admin interface
TKT-00776,2026-03-11 11:15:23,Account Access,P4,DE,email,Enterprise,0,0,complex,73,480,2026-03-12 11:16:00,2400,2026-03-18 11:16:00,account_access|de_language|enterprise_handling,Permission update not reflected in project dashboard
TKT-00777,2026-03-11 11:18:42,Product Support,P3,EN,chat,SMB,0,0,simple,15,240,2026-03-11 15:18:42,960,2026-03-13 11:19:00,product_support,Webhook retry settings not visible in admin interface
TKT-00778,2026-03-11 11:20:51,Integrations/API,P1,EN,portal,Mid-Market,0,0,complex,72,15,2026-03-11 11:35:51,240,2026-03-11 15:20:51,integrations_api|api_specialist|incident_escalation|integration_specialist,REST API pagination skips records after cursor handoff
TKT-00779,2026-03-11 11:25:23,Billing,P4,DE,chat,Mid-Market,0,1,simple,10,480,2026-03-12 11:26:00,2400,2026-03-18 11:26:00,billing|de_language,Purchase order reference missing from latest invoice
TKT-00780,2026-03-11 11:26:52,Integrations/API,P3,EN,portal,SMB,0,0,complex,99,240,2026-03-11 15:26:52,960,2026-03-13 11:27:00,integrations_api|api_specialist|integration_specialist,CRM integration stopped syncing ticket comments overnight
TKT-00781,2026-03-11 11:37:14,Product Support,P4,EN,portal,SMB,0,0,standard,26,480,2026-03-12 11:38:00,2400,2026-03-18 11:38:00,product_support,Notification rule sent duplicate emails to requester
TKT-00782,2026-03-11 11:40:36,Product Support,P3,DE,portal,SMB,0,0,simple,20,240,2026-03-11 15:40:36,960,2026-03-13 11:41:00,product_support|de_language,Webhook retry settings not visible in admin interface
TKT-00783,2026-03-11 11:47:47,Billing,P4,EN,chat,SMB,0,0,simple,12,480,2026-03-12 11:48:00,2400,2026-03-18 11:48:00,billing,Payment method update failed during renewal
TKT-00784,2026-03-11 11:47:50,Integrations/API,P2,EN,email,Mid-Market,0,0,complex,107,60,2026-03-11 12:47:50,480,2026-03-12 11:48:00,integrations_api|api_specialist|integration_specialist,Webhook signature validation differs from documentation example
TKT-00785,2026-03-11 11:50:19,Product Support,P4,DE,email,SMB,0,0,standard,35,480,2026-03-12 11:51:00,2400,2026-03-18 11:51:00,product_support|de_language,Webhook retry settings not visible in admin interface
TKT-00786,2026-03-11 11:54:10,Integrations/API,P3,EN,email,SMB,0,0,standard,51,240,2026-03-11 15:54:10,960,2026-03-13 11:55:00,integrations_api|api_specialist,Webhook signature validation differs from documentation example
TKT-00787,2026-03-11 11:56:20,Billing,P3,EN,portal,SMB,0,0,standard,19,240,2026-03-11 15:56:20,960,2026-03-13 11:57:00,billing,Billing contact did not receive monthly invoice email
TKT-00788,2026-03-11 11:59:21,Account Access,P4,DE,portal,Mid-Market,0,0,standard,25,480,2026-03-12 12:00:00,2400,2026-03-18 12:00:00,account_access|de_language,SCIM-provisioned user missing expected product access
TKT-00789,2026-03-11 12:00:34,Product Support,P4,EN,email,Mid-Market,0,0,complex,84,480,2026-03-12 12:01:00,2400,2026-03-18 12:01:00,product_support|product_specialist,Exported CSV misses custom fields in final report
TKT-00790,2026-03-11 12:01:47,Product Support,P3,DE,portal,Enterprise,0,0,complex,77,240,2026-03-12 08:02:00,960,2026-03-13 12:02:00,product_support|de_language|enterprise_handling|product_specialist,Search results differ between UI and exported report
TKT-00791,2026-03-11 12:04:02,Product Support,P2,DE,chat,SMB,0,0,standard,41,60,2026-03-11 13:04:02,480,2026-03-12 12:05:00,product_support|de_language,Custom field values not visible in agent workspace
TKT-00792,2026-03-11 12:05:40,Product Support,P3,EN,chat,Enterprise,0,0,standard,25,240,2026-03-12 08:06:00,960,2026-03-13 12:06:00,product_support|enterprise_handling,Bulk update operation stalled for large ticket batch
TKT-00793,2026-03-11 12:06:37,Billing,P3,EN,email,Mid-Market,0,0,standard,24,240,2026-03-12 08:07:00,960,2026-03-13 12:07:00,billing,Currency setting changed but invoice still generated in USD
TKT-00794,2026-03-11 12:09:16,Integrations/API,P2,DE,email,Mid-Market,0,0,standard,35,60,2026-03-11 13:09:16,480,2026-03-12 12:10:00,integrations_api|de_language|api_specialist,Webhook delivery returns intermittent 502 responses
TKT-00795,2026-03-11 12:11:57,Product Support,P2,DE,portal,SMB,0,0,complex,67,60,2026-03-11 13:11:57,480,2026-03-12 12:12:00,product_support|de_language|product_specialist,Bulk update operation stalled for large ticket batch
TKT-00796,2026-03-11 12:17:49,Account Access,P4,EN,chat,SMB,0,0,simple,12,480,2026-03-12 12:18:00,2400,2026-03-18 12:18:00,account_access,MFA challenge not accepted for admin account
TKT-00797,2026-03-11 12:22:37,Integrations/API,P3,EN,portal,Mid-Market,0,0,standard,42,240,2026-03-12 08:23:00,960,2026-03-13 12:23:00,integrations_api|api_specialist,SSO assertion rejected after identity provider certificate update
TKT-00798,2026-03-11 12:22:48,Account Access,P4,EN,email,SMB,0,0,standard,18,480,2026-03-12 12:23:00,2400,2026-03-18 12:23:00,account_access,SSO login loops back to sign-in page
TKT-00799,2026-03-11 12:29:27,Product Support,P3,EN,portal,Mid-Market,0,0,simple,11,240,2026-03-12 08:30:00,960,2026-03-13 12:30:00,product_support,Custom field values not visible in agent workspace
TKT-00800,2026-03-11 12:33:52,Billing,P4,EN,portal,SMB,0,1,standard,21,480,2026-03-12 12:34:00,2400,2026-03-18 12:34:00,billing,Tax calculation differs from contract expectations
TKT-00801,2026-03-11 12:43:20,Billing,P4,EN,portal,Enterprise,0,0,standard,30,480,2026-03-12 12:44:00,2400,2026-03-18 12:44:00,billing|enterprise_handling,Seat reduction request still billed at previous volume
TKT-00802,2026-03-11 12:50:22,Account Access,P2,DE,email,Enterprise,1,0,simple,7,60,2026-03-11 13:50:22,480,2026-03-12 12:51:00,account_access|de_language|enterprise_handling,SSO login loops back to sign-in page
TKT-00803,2026-03-11 12:58:19,Product Support,P3,DE,portal,Mid-Market,0,0,standard,38,240,2026-03-12 08:59:00,960,2026-03-13 12:59:00,product_support|de_language,Exported CSV misses custom fields in final report
TKT-00804,2026-03-11 13:04:49,Product Support,P3,EN,portal,SMB,0,0,standard,28,240,2026-03-12 09:05:00,960,2026-03-13 13:05:00,product_support,Exported CSV misses custom fields in final report
TKT-00805,2026-03-11 13:04:49,Account Access,P3,EN,portal,SMB,0,0,simple,5,240,2026-03-12 09:05:00,960,2026-03-13 13:05:00,account_access,Session expires immediately after successful login
TKT-00806,2026-03-11 13:07:31,Account Access,P3,EN,email,SMB,0,0,standard,20,240,2026-03-12 09:08:00,960,2026-03-13 13:08:00,account_access,SSO login loops back to sign-in page
TKT-00807,2026-03-11 13:11:30,Account Access,P4,EN,portal,SMB,0,1,standard,28,480,2026-03-12 13:12:00,2400,2026-03-18 13:12:00,account_access,SCIM-provisioned user missing expected product access
TKT-00808,2026-03-11 13:15:34,Product Support,P4,DE,email,SMB,0,0,standard,35,480,2026-03-12 13:16:00,2400,2026-03-18 13:16:00,product_support|de_language,Custom field values not visible in agent workspace
TKT-00809,2026-03-11 13:20:42,Billing,P4,EN,email,SMB,0,0,simple,9,480,2026-03-12 13:21:00,2400,2026-03-18 13:21:00,billing,Billing contact did not receive monthly invoice email
TKT-00810,2026-03-11 13:40:08,Account Access,P3,DE,portal,SMB,0,0,standard,18,240,2026-03-12 09:41:00,960,2026-03-13 13:41:00,account_access|de_language,Role change not reflected after access approval
TKT-00811,2026-03-11 13:45:07,Account Access,P4,EN,email,SMB,0,0,standard,23,480,2026-03-12 13:46:00,2400,2026-03-18 13:46:00,account_access,SSO login loops back to sign-in page
TKT-00812,2026-03-11 13:45:41,Billing,P4,EN,portal,Mid-Market,0,0,standard,19,480,2026-03-12 13:46:00,2400,2026-03-18 13:46:00,billing,Subscription cancellation not reflected in billing portal
TKT-00813,2026-03-11 13:50:57,Integrations/API,P1,EN,email,Enterprise,0,0,complex,131,15,2026-03-11 14:05:57,240,2026-03-12 09:51:00,integrations_api|enterprise_handling|api_specialist|incident_escalation|integration_specialist,GraphQL endpoint times out on nested customer query
TKT-00814,2026-03-11 14:17:22,Account Access,P3,DE,chat,SMB,0,0,simple,12,240,2026-03-12 10:18:00,960,2026-03-13 14:18:00,account_access|de_language,MFA challenge not accepted for admin account
TKT-00815,2026-03-11 14:18:04,Product Support,P2,EN,portal,SMB,0,0,standard,42,60,2026-03-11 15:18:04,480,2026-03-12 14:19:00,product_support,Custom field values not visible in agent workspace
TKT-00816,2026-03-11 14:19:12,Product Support,P4,EN,email,Mid-Market,0,0,standard,25,480,2026-03-12 14:20:00,2400,2026-03-18 14:20:00,product_support,Custom field values not visible in agent workspace
TKT-00817,2026-03-11 14:46:16,Account Access,P3,EN,portal,SMB,0,0,standard,24,240,2026-03-12 10:47:00,960,2026-03-13 14:47:00,account_access,Account locked after repeated login attempts
TKT-00818,2026-03-11 14:54:44,Product Support,P4,DE,portal,Enterprise,0,0,complex,62,480,2026-03-12 14:55:00,2400,2026-03-18 14:55:00,product_support|de_language|enterprise_handling|product_specialist,Exported CSV misses custom fields in final report
TKT-00819,2026-03-11 14:56:33,Integrations/API,P3,EN,portal,Mid-Market,0,0,standard,57,240,2026-03-12 10:57:00,960,2026-03-13 14:57:00,integrations_api|api_specialist,CRM integration stopped syncing ticket comments overnight
TKT-00820,2026-03-11 14:58:09,Product Support,P3,DE,portal,SMB,0,0,standard,28,240,2026-03-12 10:59:00,960,2026-03-13 14:59:00,product_support|de_language,Exported CSV misses custom fields in final report
TKT-00821,2026-03-11 15:01:08,Product Support,P4,DE,portal,Enterprise,0,0,standard,31,480,2026-03-12 15:02:00,2400,2026-03-18 15:02:00,product_support|de_language|enterprise_handling,Search results differ between UI and exported report
TKT-00822,2026-03-12 08:10:20,Integrations/API,P2,EN,portal,SMB,0,0,complex,117,60,2026-03-12 09:10:20,480,2026-03-13 08:11:00,integrations_api|api_specialist|integration_specialist,OAuth token refresh fails for production integration
TKT-00823,2026-03-12 08:16:03,Billing,P2,EN,portal,SMB,0,0,complex,55,60,2026-03-12 09:16:03,480,2026-03-13 08:17:00,billing,Subscription cancellation not reflected in billing portal
TKT-00824,2026-03-12 08:32:34,Product Support,P3,EN,portal,SMB,0,0,simple,17,240,2026-03-12 12:32:34,960,2026-03-16 08:33:00,product_support,Bulk update operation stalled for large ticket batch
TKT-00825,2026-03-12 08:35:08,Integrations/API,P3,EN,portal,Enterprise,0,0,standard,53,240,2026-03-12 12:35:08,960,2026-03-16 08:36:00,integrations_api|enterprise_handling|api_specialist,SCIM deprovisioning request returns 403 for service account
TKT-00826,2026-03-12 08:37:23,Account Access,P2,EN,email,Mid-Market,0,0,standard,26,60,2026-03-12 09:37:23,480,2026-03-13 08:38:00,account_access,User cannot access workspace after password reset
TKT-00827,2026-03-12 08:42:24,Account Access,P4,EN,portal,SMB,0,0,simple,5,480,2026-03-13 08:43:00,2400,2026-03-19 08:43:00,account_access,SSO login loops back to sign-in page
TKT-00828,2026-03-12 08:45:55,Integrations/API,P3,EN,portal,SMB,0,1,complex,114,240,2026-03-12 12:45:55,960,2026-03-16 08:46:00,integrations_api|api_specialist|integration_specialist,SSO assertion rejected after identity provider certificate update
TKT-00829,2026-03-12 08:48:08,Product Support,P3,EN,email,SMB,0,0,standard,37,240,2026-03-12 12:48:08,960,2026-03-16 08:49:00,product_support,Search results differ between UI and exported report
TKT-00830,2026-03-12 08:55:55,Product Support,P2,EN,chat,SMB,0,0,complex,94,60,2026-03-12 09:55:55,480,2026-03-13 08:56:00,product_support|product_specialist,Attachment preview fails for PDF uploaded from mobile app
TKT-00831,2026-03-12 08:57:08,Product Support,P3,DE,portal,Enterprise,0,0,complex,74,240,2026-03-12 12:57:08,960,2026-03-16 08:58:00,product_support|de_language|enterprise_handling|product_specialist,Search results differ between UI and exported report
TKT-00832,2026-03-12 09:10:13,Integrations/API,P3,EN,portal,Mid-Market,0,0,complex,94,240,2026-03-12 13:10:13,960,2026-03-16 09:11:00,integrations_api|api_specialist|integration_specialist,SSO assertion rejected after identity provider certificate update
TKT-00833,2026-03-12 09:15:21,Integrations/API,P4,EN,email,SMB,0,0,standard,44,480,2026-03-13 09:16:00,2400,2026-03-19 09:16:00,integrations_api|api_specialist,SCIM deprovisioning request returns 403 for service account
TKT-00834,2026-03-12 09:24:16,Integrations/API,P3,EN,portal,Mid-Market,0,0,standard,52,240,2026-03-12 13:24:16,960,2026-03-16 09:25:00,integrations_api|api_specialist,SSO assertion rejected after identity provider certificate update
TKT-00835,2026-03-12 09:24:53,Product Support,P3,DE,email,Mid-Market,0,0,complex,76,240,2026-03-12 13:24:53,960,2026-03-16 09:25:00,product_support|de_language|product_specialist,Webhook retry settings not visible in admin interface
TKT-00836,2026-03-12 09:26:02,Product Support,P3,EN,portal,SMB,0,0,complex,89,240,2026-03-12 13:26:02,960,2026-03-16 09:27:00,product_support|product_specialist,Notification rule sent duplicate emails to requester
TKT-00837,2026-03-12 09:30:07,Account Access,P3,EN,email,SMB,0,0,simple,12,240,2026-03-12 13:30:07,960,2026-03-16 09:31:00,account_access,User cannot access workspace after password reset
TKT-00838,2026-03-12 09:35:06,Product Support,P3,EN,email,SMB,0,0,simple,16,240,2026-03-12 13:35:06,960,2026-03-16 09:36:00,product_support,Kanban board shows outdated ticket counts after refresh
TKT-00839,2026-03-12 09:35:14,Product Support,P2,EN,portal,SMB,0,0,complex,74,60,2026-03-12 10:35:14,480,2026-03-13 09:36:00,product_support|product_specialist,Kanban board shows outdated ticket counts after refresh
TKT-00840,2026-03-12 09:35:18,Integrations/API,P1,EN,email,Enterprise,0,0,simple,32,15,2026-03-12 09:50:18,240,2026-03-12 13:35:18,integrations_api|enterprise_handling|api_specialist|incident_escalation,Webhook delivery returns intermittent 502 responses
TKT-00841,2026-03-12 09:35:35,Billing,P4,EN,chat,SMB,0,0,simple,7,480,2026-03-13 09:36:00,2400,2026-03-19 09:36:00,billing,Tax calculation differs from contract expectations
TKT-00842,2026-03-12 09:39:48,Product Support,P2,EN,chat,SMB,0,0,standard,44,60,2026-03-12 10:39:48,480,2026-03-13 09:40:00,product_support,Exported CSV misses custom fields in final report
TKT-00843,2026-03-12 09:43:49,Integrations/API,P2,EN,portal,Mid-Market,0,0,complex,94,60,2026-03-12 10:43:49,480,2026-03-13 09:44:00,integrations_api|api_specialist|integration_specialist,Webhook signature validation differs from documentation example
TKT-00844,2026-03-12 09:52:18,Product Support,P3,DE,chat,Mid-Market,0,0,standard,29,240,2026-03-12 13:52:18,960,2026-03-16 09:53:00,product_support|de_language,Notification rule sent duplicate emails to requester
TKT-00845,2026-03-12 09:52:49,Product Support,P3,EN,email,Mid-Market,0,0,standard,43,240,2026-03-12 13:52:49,960,2026-03-16 09:53:00,product_support,Exported CSV misses custom fields in final report
TKT-00846,2026-03-12 09:56:29,Product Support,P3,EN,portal,Mid-Market,0,0,simple,15,240,2026-03-12 13:56:29,960,2026-03-16 09:57:00,product_support,Workflow automation did not trigger after status update
TKT-00847,2026-03-12 09:59:39,Account Access,P4,EN,email,Enterprise,1,0,simple,10,480,2026-03-13 10:00:00,2400,2026-03-19 10:00:00,account_access|enterprise_handling,New team member did not receive activation email
TKT-00848,2026-03-12 10:00:03,Product Support,P1,DE,portal,Mid-Market,0,0,complex,87,15,2026-03-12 10:15:03,240,2026-03-12 14:00:03,product_support|de_language|incident_escalation|product_specialist,Exported CSV misses custom fields in final report
TKT-00849,2026-03-12 10:03:36,Billing,P3,EN,portal,Enterprise,0,1,simple,9,240,2026-03-12 14:03:36,960,2026-03-16 10:04:00,billing|enterprise_handling,Purchase order reference missing from latest invoice
TKT-00850,2026-03-12 10:05:18,Billing,P4,DE,portal,SMB,0,0,standard,28,480,2026-03-13 10:06:00,2400,2026-03-19 10:06:00,billing|de_language,Billing contact did not receive monthly invoice email
TKT-00851,2026-03-12 10:09:46,Account Access,P3,DE,chat,SMB,0,0,simple,12,240,2026-03-12 14:09:46,960,2026-03-16 10:10:00,account_access|de_language,Permission update not reflected in project dashboard
TKT-00852,2026-03-12 10:10:47,Billing,P3,EN,portal,SMB,0,0,complex,67,240,2026-03-12 14:10:47,960,2026-03-16 10:11:00,billing,Credit note not applied to outstanding balance
TKT-00853,2026-03-12 10:15:30,Product Support,P3,EN,portal,SMB,0,0,simple,17,240,2026-03-12 14:15:30,960,2026-03-16 10:16:00,product_support,Workflow automation did not trigger after status update
TKT-00854,2026-03-12 10:17:09,Product Support,P3,DE,email,Enterprise,1,0,standard,32,240,2026-03-12 14:17:09,960,2026-03-16 10:18:00,product_support|de_language|enterprise_handling,Webhook retry settings not visible in admin interface
TKT-00855,2026-03-12 10:20:42,Account Access,P4,EN,portal,SMB,0,1,standard,25,480,2026-03-13 10:21:00,2400,2026-03-19 10:21:00,account_access,Group-based permissions not syncing from identity provider
TKT-00856,2026-03-12 10:21:43,Account Access,P3,EN,chat,Enterprise,0,0,standard,16,240,2026-03-12 14:21:43,960,2026-03-16 10:22:00,account_access|enterprise_handling,SSO login loops back to sign-in page
TKT-00857,2026-03-12 10:24:58,Account Access,P1,EN,portal,SMB,0,0,complex,56,15,2026-03-12 10:39:58,240,2026-03-12 14:24:58,account_access|incident_escalation,Role change not reflected after access approval
TKT-00858,2026-03-12 10:25:13,Account Access,P3,EN,portal,Mid-Market,0,0,complex,73,240,2026-03-12 14:25:13,960,2026-03-16 10:26:00,account_access,SSO login loops back to sign-in page
TKT-00859,2026-03-12 10:28:59,Product Support,P2,EN,email,Enterprise,0,0,complex,69,60,2026-03-12 11:28:59,480,2026-03-13 10:29:00,product_support|enterprise_handling|product_specialist,Exported CSV misses custom fields in final report
TKT-00860,2026-03-12 10:47:54,Integrations/API,P2,EN,portal,SMB,0,0,complex,113,60,2026-03-12 11:47:54,480,2026-03-13 10:48:00,integrations_api|api_specialist|integration_specialist,SSO assertion rejected after identity provider certificate update
TKT-00861,2026-03-12 10:49:17,Account Access,P3,EN,email,Mid-Market,0,0,simple,10,240,2026-03-12 14:49:17,960,2026-03-16 10:50:00,account_access,Role change not reflected after access approval
TKT-00862,2026-03-12 10:51:01,Product Support,P2,EN,chat,SMB,0,0,simple,16,60,2026-03-12 11:51:01,480,2026-03-13 10:52:00,product_support,Dashboard filter not persisting for saved view
TKT-00863,2026-03-12 11:04:56,Product Support,P1,DE,portal,Mid-Market,0,0,complex,63,15,2026-03-12 11:19:56,240,2026-03-12 15:04:56,product_support|de_language|incident_escalation|product_specialist,Webhook retry settings not visible in admin interface
TKT-00864,2026-03-12 11:07:01,Product Support,P2,DE,portal,Mid-Market,0,0,standard,37,60,2026-03-12 12:07:01,480,2026-03-13 11:08:00,product_support|de_language,Attachment preview fails for PDF uploaded from mobile app
TKT-00865,2026-03-12 11:07:33,Billing,P3,DE,portal,SMB,0,0,standard,25,240,2026-03-12 15:07:33,960,2026-03-16 11:08:00,billing|de_language,Currency setting changed but invoice still generated in USD
TKT-00866,2026-03-12 11:12:03,Account Access,P4,EN,portal,Enterprise,0,0,simple,12,480,2026-03-13 11:13:00,2400,2026-03-19 11:13:00,account_access|enterprise_handling,Account locked after repeated login attempts
TKT-00867,2026-03-12 11:12:20,Account Access,P3,EN,portal,Enterprise,0,0,standard,19,240,2026-03-12 15:12:20,960,2026-03-16 11:13:00,account_access|enterprise_handling,Permission update not reflected in project dashboard
TKT-00868,2026-03-12 11:13:11,Billing,P2,EN,email,Enterprise,1,0,simple,14,60,2026-03-12 12:13:11,480,2026-03-13 11:14:00,billing|enterprise_handling,Payment method update failed during renewal
TKT-00869,2026-03-12 11:16:36,Billing,P4,EN,portal,SMB,0,0,simple,9,480,2026-03-13 11:17:00,2400,2026-03-19 11:17:00,billing,Seat reduction request still billed at previous volume
TKT-00870,2026-03-12 11:20:27,Product Support,P3,EN,portal,Enterprise,0,0,simple,15,240,2026-03-12 15:20:27,960,2026-03-16 11:21:00,product_support|enterprise_handling,Attachment preview fails for PDF uploaded from mobile app
TKT-00871,2026-03-12 11:21:49,Product Support,P3,EN,portal,SMB,0,0,complex,90,240,2026-03-12 15:21:49,960,2026-03-16 11:22:00,product_support|product_specialist,Exported CSV misses custom fields in final report
TKT-00872,2026-03-12 11:23:04,Billing,P3,EN,email,Mid-Market,0,0,simple,11,240,2026-03-12 15:23:04,960,2026-03-16 11:24:00,billing,Payment method update failed during renewal
TKT-00873,2026-03-12 11:23:32,Billing,P3,DE,portal,SMB,0,0,simple,9,240,2026-03-12 15:23:32,960,2026-03-16 11:24:00,billing|de_language,Tax calculation differs from contract expectations
TKT-00874,2026-03-12 11:25:43,Product Support,P4,DE,portal,SMB,0,0,standard,29,480,2026-03-13 11:26:00,2400,2026-03-19 11:26:00,product_support|de_language,Webhook retry settings not visible in admin interface
TKT-00875,2026-03-12 11:25:59,Product Support,P4,EN,chat,Mid-Market,0,0,standard,43,480,2026-03-13 11:26:00,2400,2026-03-19 11:26:00,product_support,Attachment preview fails for PDF uploaded from mobile app
TKT-00876,2026-03-12 11:29:49,Integrations/API,P2,EN,email,SMB,0,0,complex,93,60,2026-03-12 12:29:49,480,2026-03-13 11:30:00,integrations_api|api_specialist|integration_specialist,ERP connector creates duplicate records on retry
TKT-00877,2026-03-12 11:29:56,Integrations/API,P2,DE,email,SMB,0,0,complex,110,60,2026-03-12 12:29:56,480,2026-03-13 11:30:00,integrations_api|de_language|api_specialist|integration_specialist,API rate limit reached earlier than documented threshold
TKT-00878,2026-03-12 11:34:10,Billing,P3,DE,portal,SMB,0,1,standard,35,240,2026-03-12 15:34:10,960,2026-03-16 11:35:00,billing|de_language,Payment method update failed during renewal
TKT-00879,2026-03-12 11:37:49,Product Support,P2,DE,portal,SMB,0,0,complex,65,60,2026-03-12 12:37:49,480,2026-03-13 11:38:00,product_support|de_language|product_specialist,Kanban board shows outdated ticket counts after refresh
TKT-00880,2026-03-12 11:49:09,Product Support,P2,EN,portal,Enterprise,0,0,standard,26,60,2026-03-12 12:49:09,480,2026-03-13 11:50:00,product_support|enterprise_handling,Search results differ between UI and exported report
TKT-00881,2026-03-12 12:02:45,Billing,P2,EN,portal,Mid-Market,0,0,standard,23,60,2026-03-12 13:02:45,480,2026-03-13 12:03:00,billing,Seat reduction request still billed at previous volume
TKT-00882,2026-03-12 12:04:50,Product Support,P3,EN,email,Mid-Market,0,0,standard,44,240,2026-03-13 08:05:00,960,2026-03-16 12:05:00,product_support,Attachment preview fails for PDF uploaded from mobile app
TKT-00883,2026-03-12 12:09:10,Billing,P3,EN,portal,SMB,0,1,standard,22,240,2026-03-13 08:10:00,960,2026-03-16 12:10:00,billing,Tax calculation differs from contract expectations
TKT-00884,2026-03-12 12:09:13,Integrations/API,P2,EN,portal,SMB,0,0,complex,113,60,2026-03-12 13:09:13,480,2026-03-13 12:10:00,integrations_api|api_specialist|integration_specialist,Webhook delivery returns intermittent 502 responses
TKT-00885,2026-03-12 12:21:44,Product Support,P3,EN,email,SMB,0,0,standard,40,240,2026-03-13 08:22:00,960,2026-03-16 12:22:00,product_support,Workflow automation did not trigger after status update
TKT-00886,2026-03-12 12:36:44,Integrations/API,P2,EN,portal,SMB,0,0,standard,43,60,2026-03-12 13:36:44,480,2026-03-13 12:37:00,integrations_api|api_specialist,GraphQL endpoint times out on nested customer query
TKT-00887,2026-03-12 12:39:50,Account Access,P3,EN,portal,SMB,0,1,standard,19,240,2026-03-13 08:40:00,960,2026-03-16 12:40:00,account_access,SCIM-provisioned user missing expected product access
TKT-00888,2026-03-12 12:41:35,Integrations/API,P2,DE,portal,SMB,0,0,standard,52,60,2026-03-12 13:41:35,480,2026-03-13 12:42:00,integrations_api|de_language|api_specialist,CRM integration stopped syncing ticket comments overnight
TKT-00889,2026-03-12 12:42:54,Account Access,P4,EN,email,SMB,0,1,complex,43,480,2026-03-13 12:43:00,2400,2026-03-19 12:43:00,account_access,SCIM-provisioned user missing expected product access
TKT-00890,2026-03-12 12:43:21,Billing,P3,EN,email,SMB,0,0,simple,12,240,2026-03-13 08:44:00,960,2026-03-16 12:44:00,billing,Billing contact did not receive monthly invoice email
TKT-00891,2026-03-12 12:47:42,Account Access,P3,EN,portal,SMB,0,0,simple,10,240,2026-03-13 08:48:00,960,2026-03-16 12:48:00,account_access,SCIM-provisioned user missing expected product access
TKT-00892,2026-03-12 12:54:03,Integrations/API,P3,EN,portal,Mid-Market,0,0,standard,47,240,2026-03-13 08:55:00,960,2026-03-16 12:55:00,integrations_api|api_specialist,GraphQL endpoint times out on nested customer query
TKT-00893,2026-03-12 12:59:55,Product Support,P3,EN,portal,Mid-Market,0,0,standard,28,240,2026-03-13 09:00:00,960,2026-03-16 13:00:00,product_support,Search results differ between UI and exported report
TKT-00894,2026-03-12 13:03:29,Product Support,P2,EN,chat,Mid-Market,0,0,simple,17,60,2026-03-12 14:03:29,480,2026-03-13 13:04:00,product_support,Workflow automation did not trigger after status update
TKT-00895,2026-03-12 13:08:38,Product Support,P4,DE,portal,Mid-Market,0,0,standard,43,480,2026-03-13 13:09:00,2400,2026-03-19 13:09:00,product_support|de_language,Search results differ between UI and exported report
TKT-00896,2026-03-12 13:09:18,Billing,P3,EN,email,Mid-Market,0,0,standard,27,240,2026-03-13 09:10:00,960,2026-03-16 13:10:00,billing,Invoice shows duplicate line items after plan change
TKT-00897,2026-03-12 13:11:44,Account Access,P4,EN,portal,SMB,0,0,simple,11,480,2026-03-13 13:12:00,2400,2026-03-19 13:12:00,account_access,Group-based permissions not syncing from identity provider
TKT-00898,2026-03-12 13:25:14,Product Support,P3,DE,portal,Mid-Market,0,0,complex,54,240,2026-03-13 09:26:00,960,2026-03-16 13:26:00,product_support|de_language|product_specialist,Kanban board shows outdated ticket counts after refresh
TKT-00899,2026-03-12 13:30:09,Account Access,P3,EN,portal,SMB,0,1,simple,12,240,2026-03-13 09:31:00,960,2026-03-16 13:31:00,account_access,Permission update not reflected in project dashboard
TKT-00900,2026-03-12 13:56:39,Product Support,P4,DE,portal,SMB,0,0,standard,36,480,2026-03-13 13:57:00,2400,2026-03-19 13:57:00,product_support|de_language,Workflow automation did not trigger after status update
TKT-00901,2026-03-12 14:05:03,Billing,P2,EN,portal,SMB,0,0,standard,25,60,2026-03-12 15:05:03,480,2026-03-13 14:06:00,billing,Upgrade request created prorated amount mismatch
TKT-00902,2026-03-12 14:27:54,Integrations/API,P3,EN,email,SMB,0,0,simple,16,240,2026-03-13 10:28:00,960,2026-03-16 14:28:00,integrations_api|api_specialist,SSO assertion rejected after identity provider certificate update
TKT-00903,2026-03-12 14:40:19,Product Support,P3,DE,email,SMB,0,1,simple,21,240,2026-03-13 10:41:00,960,2026-03-16 14:41:00,product_support|de_language,Exported CSV misses custom fields in final report
TKT-00904,2026-03-12 15:04:18,Account Access,P3,EN,portal,SMB,0,0,simple,5,240,2026-03-13 11:05:00,960,2026-03-16 15:05:00,account_access,Group-based permissions not syncing from identity provider
TKT-00905,2026-03-13 08:07:41,Account Access,P4,DE,portal,Mid-Market,0,0,simple,10,480,2026-03-16 08:08:00,2400,2026-03-20 08:08:00,account_access|de_language,Session expires immediately after successful login
TKT-00906,2026-03-13 08:09:59,Billing,P2,EN,email,Enterprise,1,0,standard,27,60,2026-03-13 09:09:59,480,2026-03-16 08:10:00,billing|enterprise_handling,Seat reduction request still billed at previous volume
TKT-00907,2026-03-13 08:43:52,Account Access,P3,EN,email,SMB,0,0,simple,11,240,2026-03-13 12:43:52,960,2026-03-17 08:44:00,account_access,Session expires immediately after successful login
TKT-00908,2026-03-13 08:44:47,Account Access,P3,EN,email,SMB,0,0,simple,9,240,2026-03-13 12:44:47,960,2026-03-17 08:45:00,account_access,Account locked after repeated login attempts
TKT-00909,2026-03-13 08:50:43,Account Access,P2,EN,portal,Enterprise,1,0,simple,6,60,2026-03-13 09:50:43,480,2026-03-16 08:51:00,account_access|enterprise_handling,Group-based permissions not syncing from identity provider
TKT-00910,2026-03-13 08:59:38,Account Access,P3,EN,email,Enterprise,0,0,complex,45,240,2026-03-13 12:59:38,960,2026-03-17 09:00:00,account_access|enterprise_handling,Role change not reflected after access approval
TKT-00911,2026-03-13 09:00:44,Account Access,P3,DE,email,SMB,0,0,standard,18,240,2026-03-13 13:00:44,960,2026-03-17 09:01:00,account_access|de_language,Account locked after repeated login attempts
TKT-00912,2026-03-13 09:06:37,Product Support,P4,EN,portal,Mid-Market,0,0,standard,30,480,2026-03-16 09:07:00,2400,2026-03-20 09:07:00,product_support,Search results differ between UI and exported report
TKT-00913,2026-03-13 09:14:32,Product Support,P1,EN,portal,SMB,0,0,standard,33,15,2026-03-13 09:29:32,240,2026-03-13 13:14:32,product_support|incident_escalation,Bulk update operation stalled for large ticket batch
TKT-00914,2026-03-13 09:14:55,Integrations/API,P2,DE,email,SMB,0,0,standard,39,60,2026-03-13 10:14:55,480,2026-03-16 09:15:00,integrations_api|de_language|api_specialist,API rate limit reached earlier than documented threshold
TKT-00915,2026-03-13 09:23:15,Product Support,P3,EN,portal,SMB,0,1,complex,93,240,2026-03-13 13:23:15,960,2026-03-17 09:24:00,product_support|product_specialist,Notification rule sent duplicate emails to requester
TKT-00916,2026-03-13 09:27:33,Product Support,P3,EN,email,SMB,0,0,complex,86,240,2026-03-13 13:27:33,960,2026-03-17 09:28:00,product_support|product_specialist,Notification rule sent duplicate emails to requester
TKT-00917,2026-03-13 09:29:55,Product Support,P4,EN,portal,SMB,0,0,simple,19,480,2026-03-16 09:30:00,2400,2026-03-20 09:30:00,product_support,Webhook retry settings not visible in admin interface
TKT-00918,2026-03-13 09:36:20,Integrations/API,P1,EN,chat,SMB,0,0,complex,124,15,2026-03-13 09:51:20,240,2026-03-13 13:36:20,integrations_api|api_specialist|incident_escalation|integration_specialist,Webhook delivery returns intermittent 502 responses
TKT-00919,2026-03-13 09:37:05,Account Access,P4,DE,email,SMB,0,0,simple,9,480,2026-03-16 09:38:00,2400,2026-03-20 09:38:00,account_access|de_language,Permission update not reflected in project dashboard
TKT-00920,2026-03-13 09:52:53,Billing,P3,EN,portal,SMB,0,0,standard,24,240,2026-03-13 13:52:53,960,2026-03-17 09:53:00,billing,Seat reduction request still billed at previous volume
TKT-00921,2026-03-13 10:00:37,Account Access,P2,DE,portal,SMB,0,0,simple,10,60,2026-03-13 11:00:37,480,2026-03-16 10:01:00,account_access|de_language,Account locked after repeated login attempts
TKT-00922,2026-03-13 10:01:26,Integrations/API,P4,DE,email,SMB,0,0,complex,62,480,2026-03-16 10:02:00,2400,2026-03-20 10:02:00,integrations_api|de_language|api_specialist|integration_specialist,SCIM deprovisioning request returns 403 for service account
TKT-00923,2026-03-13 10:08:11,Account Access,P2,EN,portal,SMB,0,1,complex,74,60,2026-03-13 11:08:11,480,2026-03-16 10:09:00,account_access,New team member did not receive activation email
TKT-00924,2026-03-13 10:15:56,Account Access,P3,EN,email,SMB,0,0,standard,26,240,2026-03-13 14:15:56,960,2026-03-17 10:16:00,account_access,Group-based permissions not syncing from identity provider
TKT-00925,2026-03-13 10:23:02,Billing,P4,EN,email,Mid-Market,0,0,standard,34,480,2026-03-16 10:24:00,2400,2026-03-20 10:24:00,billing,Invoice shows duplicate line items after plan change
TKT-00926,2026-03-13 10:27:42,Product Support,P2,EN,email,SMB,0,0,complex,75,60,2026-03-13 11:27:42,480,2026-03-16 10:28:00,product_support|product_specialist,Attachment preview fails for PDF uploaded from mobile app
TKT-00927,2026-03-13 10:27:57,Product Support,P3,EN,portal,Mid-Market,0,0,standard,32,240,2026-03-13 14:27:57,960,2026-03-17 10:28:00,product_support,Dashboard filter not persisting for saved view
TKT-00928,2026-03-13 10:28:22,Account Access,P4,EN,portal,SMB,0,0,standard,28,480,2026-03-16 10:29:00,2400,2026-03-20 10:29:00,account_access,SCIM-provisioned user missing expected product access
TKT-00929,2026-03-13 10:35:48,Product Support,P3,DE,portal,Enterprise,1,1,complex,67,240,2026-03-13 14:35:48,960,2026-03-17 10:36:00,product_support|de_language|enterprise_handling|product_specialist,Attachment preview fails for PDF uploaded from mobile app
TKT-00930,2026-03-13 10:40:51,Integrations/API,P4,EN,email,SMB,0,0,standard,53,480,2026-03-16 10:41:00,2400,2026-03-20 10:41:00,integrations_api|api_specialist,GraphQL endpoint times out on nested customer query
TKT-00931,2026-03-13 10:44:18,Integrations/API,P4,DE,portal,Mid-Market,0,0,standard,51,480,2026-03-16 10:45:00,2400,2026-03-20 10:45:00,integrations_api|de_language|api_specialist,GraphQL endpoint times out on nested customer query
TKT-00932,2026-03-13 10:45:02,Product Support,P4,EN,email,Mid-Market,0,0,complex,65,480,2026-03-16 10:46:00,2400,2026-03-20 10:46:00,product_support|product_specialist,Bulk update operation stalled for large ticket batch
TKT-00933,2026-03-13 10:46:05,Product Support,P4,EN,portal,Enterprise,0,0,simple,19,480,2026-03-16 10:47:00,2400,2026-03-20 10:47:00,product_support|enterprise_handling,Search results differ between UI and exported report
TKT-00934,2026-03-13 10:47:21,Product Support,P2,EN,email,Mid-Market,0,0,complex,83,60,2026-03-13 11:47:21,480,2026-03-16 10:48:00,product_support|product_specialist,Exported CSV misses custom fields in final report
TKT-00935,2026-03-13 10:47:51,Integrations/API,P3,EN,portal,SMB,0,0,standard,37,240,2026-03-13 14:47:51,960,2026-03-17 10:48:00,integrations_api|api_specialist,API rate limit reached earlier than documented threshold
TKT-00936,2026-03-13 10:47:58,Product Support,P2,DE,email,Mid-Market,0,0,standard,40,60,2026-03-13 11:47:58,480,2026-03-16 10:48:00,product_support|de_language,Exported CSV misses custom fields in final report
TKT-00937,2026-03-13 10:52:37,Product Support,P3,DE,portal,SMB,0,0,complex,75,240,2026-03-13 14:52:37,960,2026-03-17 10:53:00,product_support|de_language|product_specialist,Kanban board shows outdated ticket counts after refresh
TKT-00938,2026-03-13 10:54:27,Account Access,P3,EN,portal,SMB,0,0,standard,27,240,2026-03-13 14:54:27,960,2026-03-17 10:55:00,account_access,MFA challenge not accepted for admin account
TKT-00939,2026-03-13 10:55:14,Account Access,P4,EN,email,SMB,0,0,complex,44,480,2026-03-16 10:56:00,2400,2026-03-20 10:56:00,account_access,User cannot access workspace after password reset
TKT-00940,2026-03-13 10:55:29,Account Access,P4,EN,portal,Enterprise,0,0,simple,6,480,2026-03-16 10:56:00,2400,2026-03-20 10:56:00,account_access|enterprise_handling,User cannot access workspace after password reset
TKT-00941,2026-03-13 11:00:56,Account Access,P1,EN,portal,Enterprise,1,1,complex,52,15,2026-03-13 11:15:56,240,2026-03-13 15:00:56,account_access|enterprise_handling|incident_escalation,Permission update not reflected in project dashboard
TKT-00942,2026-03-13 11:11:12,Integrations/API,P1,EN,portal,SMB,0,0,complex,78,15,2026-03-13 11:26:12,240,2026-03-13 15:11:12,integrations_api|api_specialist|incident_escalation|integration_specialist,OAuth token refresh fails for production integration
TKT-00943,2026-03-13 11:12:14,Product Support,P3,DE,portal,Mid-Market,0,0,standard,34,240,2026-03-13 15:12:14,960,2026-03-17 11:13:00,product_support|de_language,Dashboard filter not persisting for saved view
TKT-00944,2026-03-13 11:12:27,Billing,P4,EN,portal,SMB,0,0,simple,12,480,2026-03-16 11:13:00,2400,2026-03-20 11:13:00,billing,Credit note not applied to outstanding balance
TKT-00945,2026-03-13 11:12:54,Product Support,P2,EN,chat,SMB,0,0,simple,13,60,2026-03-13 12:12:54,480,2026-03-16 11:13:00,product_support,Dashboard filter not persisting for saved view
TKT-00946,2026-03-13 11:15:14,Account Access,P2,EN,portal,SMB,0,0,simple,10,60,2026-03-13 12:15:14,480,2026-03-16 11:16:00,account_access,Session expires immediately after successful login
TKT-00947,2026-03-13 11:19:29,Product Support,P4,EN,portal,SMB,0,0,standard,43,480,2026-03-16 11:20:00,2400,2026-03-20 11:20:00,product_support,Search results differ between UI and exported report
TKT-00948,2026-03-13 11:21:12,Integrations/API,P2,EN,portal,SMB,0,0,standard,33,60,2026-03-13 12:21:12,480,2026-03-16 11:22:00,integrations_api|api_specialist,Webhook signature validation differs from documentation example
TKT-00949,2026-03-13 11:21:40,Billing,P3,DE,portal,Enterprise,0,0,standard,31,240,2026-03-13 15:21:40,960,2026-03-17 11:22:00,billing|de_language|enterprise_handling,Tax calculation differs from contract expectations
TKT-00950,2026-03-13 11:23:34,Integrations/API,P2,EN,email,SMB,0,0,standard,34,60,2026-03-13 12:23:34,480,2026-03-16 11:24:00,integrations_api|api_specialist,SCIM deprovisioning request returns 403 for service account
TKT-00951,2026-03-13 11:25:08,Integrations/API,P3,EN,portal,SMB,0,0,standard,36,240,2026-03-13 15:25:08,960,2026-03-17 11:26:00,integrations_api|api_specialist,API rate limit reached earlier than documented threshold
TKT-00952,2026-03-13 11:30:07,Product Support,P3,DE,email,Mid-Market,0,0,simple,17,240,2026-03-13 15:30:07,960,2026-03-17 11:31:00,product_support|de_language,Custom field values not visible in agent workspace
TKT-00953,2026-03-13 11:33:09,Account Access,P3,EN,email,Enterprise,0,0,standard,21,240,2026-03-13 15:33:09,960,2026-03-17 11:34:00,account_access|enterprise_handling,Permission update not reflected in project dashboard
TKT-00954,2026-03-13 11:33:17,Product Support,P4,EN,portal,Enterprise,0,0,standard,34,480,2026-03-16 11:34:00,2400,2026-03-20 11:34:00,product_support|enterprise_handling,Webhook retry settings not visible in admin interface
TKT-00955,2026-03-13 11:34:48,Account Access,P3,EN,chat,SMB,0,0,standard,22,240,2026-03-13 15:34:48,960,2026-03-17 11:35:00,account_access,Session expires immediately after successful login
TKT-00956,2026-03-13 11:35:34,Integrations/API,P3,EN,portal,Enterprise,0,0,complex,85,240,2026-03-13 15:35:34,960,2026-03-17 11:36:00,integrations_api|enterprise_handling|api_specialist|integration_specialist,Webhook signature validation differs from documentation example
TKT-00957,2026-03-13 11:36:22,Account Access,P1,EN,portal,Mid-Market,0,0,simple,7,15,2026-03-13 11:51:22,240,2026-03-13 15:36:22,account_access|incident_escalation,New team member did not receive activation email
TKT-00958,2026-03-13 11:38:54,Product Support,P3,DE,chat,SMB,0,0,complex,69,240,2026-03-13 15:38:54,960,2026-03-17 11:39:00,product_support|de_language|product_specialist,Kanban board shows outdated ticket counts after refresh
TKT-00959,2026-03-13 11:39:18,Product Support,P4,EN,email,Mid-Market,0,0,complex,74,480,2026-03-16 11:40:00,2400,2026-03-20 11:40:00,product_support|product_specialist,Custom field values not visible in agent workspace
TKT-00960,2026-03-13 11:42:01,Product Support,P3,EN,email,SMB,0,0,standard,40,240,2026-03-13 15:42:01,960,2026-03-17 11:43:00,product_support,Dashboard filter not persisting for saved view
TKT-00961,2026-03-13 11:42:35,Account Access,P3,DE,email,SMB,0,0,simple,11,240,2026-03-13 15:42:35,960,2026-03-17 11:43:00,account_access|de_language,Role change not reflected after access approval
TKT-00962,2026-03-13 11:47:45,Product Support,P3,EN,email,SMB,0,0,standard,27,240,2026-03-13 15:47:45,960,2026-03-17 11:48:00,product_support,Exported CSV misses custom fields in final report
TKT-00963,2026-03-13 11:49:12,Integrations/API,P4,DE,portal,SMB,0,0,complex,71,480,2026-03-16 11:50:00,2400,2026-03-20 11:50:00,integrations_api|de_language|api_specialist|integration_specialist,OAuth token refresh fails for production integration
TKT-00964,2026-03-13 11:50:37,Product Support,P3,EN,portal,Enterprise,0,0,standard,27,240,2026-03-13 15:50:37,960,2026-03-17 11:51:00,product_support|enterprise_handling,Webhook retry settings not visible in admin interface
TKT-00965,2026-03-13 11:52:10,Product Support,P3,EN,portal,SMB,0,0,complex,89,240,2026-03-13 15:52:10,960,2026-03-17 11:53:00,product_support|product_specialist,Workflow automation did not trigger after status update
TKT-00966,2026-03-13 12:00:38,Integrations/API,P2,EN,portal,Mid-Market,0,0,complex,113,60,2026-03-13 13:00:38,480,2026-03-16 12:01:00,integrations_api|api_specialist|integration_specialist,GraphQL endpoint times out on nested customer query
TKT-00967,2026-03-13 12:05:46,Account Access,P4,DE,email,SMB,0,0,simple,7,480,2026-03-16 12:06:00,2400,2026-03-20 12:06:00,account_access|de_language,Role change not reflected after access approval
TKT-00968,2026-03-13 12:21:04,Product Support,P4,EN,email,Mid-Market,0,0,complex,81,480,2026-03-16 12:22:00,2400,2026-03-20 12:22:00,product_support|product_specialist,Custom field values not visible in agent workspace
TKT-00969,2026-03-13 12:24:15,Product Support,P3,EN,email,SMB,0,1,simple,15,240,2026-03-16 08:25:00,960,2026-03-17 12:25:00,product_support,Dashboard filter not persisting for saved view
TKT-00970,2026-03-13 12:27:23,Integrations/API,P4,DE,email,SMB,0,0,complex,65,480,2026-03-16 12:28:00,2400,2026-03-20 12:28:00,integrations_api|de_language|api_specialist|integration_specialist,API rate limit reached earlier than documented threshold
TKT-00971,2026-03-13 12:30:25,Integrations/API,P3,EN,email,SMB,0,0,complex,106,240,2026-03-16 08:31:00,960,2026-03-17 12:31:00,integrations_api|api_specialist|integration_specialist,GraphQL endpoint times out on nested customer query
TKT-00972,2026-03-13 12:34:14,Account Access,P3,DE,email,Mid-Market,0,0,simple,5,240,2026-03-16 08:35:00,960,2026-03-17 12:35:00,account_access|de_language,MFA challenge not accepted for admin account
TKT-00973,2026-03-13 12:50:47,Account Access,P3,EN,chat,SMB,0,0,simple,10,240,2026-03-16 08:51:00,960,2026-03-17 12:51:00,account_access,Permission update not reflected in project dashboard
TKT-00974,2026-03-13 12:53:56,Integrations/API,P3,DE,portal,SMB,0,0,simple,19,240,2026-03-16 08:54:00,960,2026-03-17 12:54:00,integrations_api|de_language|api_specialist,GraphQL endpoint times out on nested customer query
TKT-00975,2026-03-13 12:59:26,Account Access,P2,EN,portal,Mid-Market,0,0,simple,9,60,2026-03-13 13:59:26,480,2026-03-16 13:00:00,account_access,Session expires immediately after successful login
TKT-00976,2026-03-13 12:59:37,Billing,P2,EN,email,Mid-Market,0,1,standard,37,60,2026-03-13 13:59:37,480,2026-03-16 13:00:00,billing,Billing contact did not receive monthly invoice email
TKT-00977,2026-03-13 13:02:46,Integrations/API,P4,EN,email,Enterprise,0,0,complex,66,480,2026-03-16 13:03:00,2400,2026-03-20 13:03:00,integrations_api|enterprise_handling|api_specialist|integration_specialist,REST API pagination skips records after cursor handoff
TKT-00978,2026-03-13 13:11:07,Product Support,P3,EN,chat,SMB,0,0,simple,11,240,2026-03-16 09:12:00,960,2026-03-17 13:12:00,product_support,Workflow automation did not trigger after status update
TKT-00979,2026-03-13 13:12:36,Integrations/API,P3,EN,portal,SMB,0,0,complex,76,240,2026-03-16 09:13:00,960,2026-03-17 13:13:00,integrations_api|api_specialist|integration_specialist,API rate limit reached earlier than documented threshold
TKT-00980,2026-03-13 13:22:12,Product Support,P3,EN,email,SMB,0,0,standard,28,240,2026-03-16 09:23:00,960,2026-03-17 13:23:00,product_support,Dashboard filter not persisting for saved view
TKT-00981,2026-03-13 13:30:09,Product Support,P3,EN,portal,Mid-Market,0,0,standard,38,240,2026-03-16 09:31:00,960,2026-03-17 13:31:00,product_support,Dashboard filter not persisting for saved view
TKT-00982,2026-03-13 13:35:59,Product Support,P3,DE,email,Mid-Market,0,0,standard,38,240,2026-03-16 09:36:00,960,2026-03-17 13:36:00,product_support|de_language,Bulk update operation stalled for large ticket batch
TKT-00983,2026-03-13 13:38:31,Product Support,P4,EN,email,SMB,0,0,standard,43,480,2026-03-16 13:39:00,2400,2026-03-20 13:39:00,product_support,Search results differ between UI and exported report
TKT-00984,2026-03-13 13:42:29,Billing,P3,EN,email,Mid-Market,0,0,simple,7,240,2026-03-16 09:43:00,960,2026-03-17 13:43:00,billing,Credit note not applied to outstanding balance
TKT-00985,2026-03-13 14:08:47,Product Support,P3,EN,email,Mid-Market,0,0,complex,65,240,2026-03-16 10:09:00,960,2026-03-17 14:09:00,product_support|product_specialist,Exported CSV misses custom fields in final report
TKT-00986,2026-03-13 14:57:50,Product Support,P3,EN,portal,SMB,0,1,complex,67,240,2026-03-16 10:58:00,960,2026-03-17 14:58:00,product_support|product_specialist,Workflow automation did not trigger after status update
